,FULL NAME,TEAM,POS,AGE,GP,MPG,MIN%,USG%,TO%,FTA,FT%,2PA,2P%,3PA,3P%,eFG%,TS%,PPG,RPG,TRB%,APG,AST%,SPG,BPG,TOPG,VI,ORTG,DRTG
0,Precious Achiuwa,TOR,F,22,21,26.5,55.2,17.2,10.3,35,0.543,158,0.405,26,0.269,0.405,0.421,8.0,8.2,16.7,1.6,8.4,0.52,0.57,1.1,7.1,96.4,101.4
1,Steven Adams,MEM,C,28,29,24.9,52.0,13.4,22.2,84,0.619,142,0.535,0,0.0,0.535,0.57,7.0,8.8,18.8,2.6,13.8,0.9,0.62,1.76,8.7,118.1,105.6
2,Bam Adebayo,MIA,C-F,24,18,32.9,68.5,26.0,15.3,112,0.759,242,0.521,1,0.0,0.519,0.577,18.7,10.2,17.5,3.2,16.1,1.11,0.33,2.94,10.3,111.0,96.6
3,Santi Aldama,MEM,F-C,20,16,9.7,20.3,20.6,6.6,12,0.583,39,0.538,27,0.111,0.386,0.407,3.6,2.6,14.4,0.8,10.8,0.13,0.19,0.31,8.1,98.2,103.1
4,LaMarcus Aldridge,BKN,C-F,36,25,23.6,49.2,22.2,6.3,48,0.833,230,0.6,30,0.367,0.594,0.621,14.0,5.7,12.8,0.9,6.6,0.4,1.16,0.76,7.0,121.4,102.6
5,Nickeil Alexander-Walker,NOP,G,23,30,28.2,58.8,24.3,9.1,56,0.732,216,0.417,197,0.31,0.439,0.462,13.5,3.9,7.4,2.6,14.8,1.0,0.37,1.47,7.3,96.7,109.8
6,Grayson Allen,MIL,G,26,29,28.8,60.0,16.8,6.1,35,0.857,88,0.5,204,0.407,0.577,0.597,12.7,3.6,6.5,1.3,6.5,0.72,0.34,0.69,5.4,118.2,106.8
7,Jarrett Allen,CLE,C,23,27,32.7,68.2,18.4,14.9,119,0.714,257,0.716,6,0.167,0.705,0.723,16.9,11.0,18.4,2.0,9.9,0.89,1.37,2.04,8.8,132.4,99.2
8,Jose Alvarado,NOP,G,23,8,5.1,10.5,16.2,6.5,3,0.667,8,0.375,5,0.4,0.462,0.489,1.8,0.6,6.7,1.1,32.8,0.5,0.0,0.13,8.3,121.7,105.4
9,Kyle Anderson,MEM,F-G,28,25,21.8,45.5,17.5,11.4,42,0.667,127,0.48,56,0.357,0.497,0.521,8.4,5.4,13.3,2.6,16.4,1.12,0.6,1.04,9.0,110.1,104.5
10,Giannis Antetokounmpo,MIL,F,27,26,32.6,68.0,33.9,12.8,263,0.681,368,0.598,100,0.28,0.56,0.602,27.0,11.6,18.6,5.8,32.7,1.12,1.58,3.31,15.0,118.4,96.2
11,Thanasis Antetokounmpo,MIL,F,29,22,12.8,26.6,13.6,14.6,20,0.65,61,0.525,6,0.0,0.478,0.508,3.5,3.1,12.7,0.8,8.4,0.55,0.23,0.59,6.4,107.8,94.8
12,Carmelo Anthony,LAL,F,37,29,27.6,57.4,19.1,6.4,72,0.819,135,0.452,167,0.413,0.545,0.581,13.4,4.1,7.8,0.9,4.6,0.69,0.62,0.79,5.3,114.2,104.4
13,Cole Anthony,ORL,G,21,23,34.1,71.1,26.6,14.2,88,0.875,204,0.461,175,0.366,0.501,0.547,19.9,6.1,9.5,5.6,28.9,0.83,0.17,3.0,10.3,105.8,108.4
14,OG Anunoby,TOR,F,24,15,37.3,77.8,23.6,8.1,40,0.825,153,0.477,112,0.366,0.508,0.534,20.1,5.4,7.8,2.7,11.7,1.53,0.6,1.67,7.1,110.7,107.0
15,D.J. Augustin,HOU,G,34,24,14.3,29.7,15.3,25.9,22,0.909,25,0.44,57,0.456,0.61,0.654,5.0,1.1,4.1,2.5,25.2,0.25,0.0,1.33,6.7,112.0,113.7
16,Deni Avdija,WAS,F,20,29,21.2,44.2,14.3,8.7,35,0.686,88,0.523,76,0.303,0.491,0.516,6.4,4.8,12.4,1.2,7.9,0.62,0.76,0.59,6.3,107.0,101.3
17,Joel Ayayi,WAS,G,21,5,2.6,5.5,0.0,0.0,0,0.0,0,0.0,0,0.0,0.0,0.0,0.0,0.4,8.3,0.6,28.1,0.0,0.0,0.0,0.0,0.0,0.0
18,Deandre Ayton,PHX,C,23,19,31.6,65.9,20.9,12.1,52,0.635,227,0.63,5,0.2,0.623,0.632,16.9,11.1,18.1,1.5,7.4,0.84,0.68,1.84,8.3,119.0,97.0
19,Udoka Azubuike,UTA,C-F,22,4,2.0,4.1,11.0,50.0,0,0.0,1,1.0,0,0.0,1.0,1.0,0.5,1.0,27.8,0.0,0.0,0.0,0.0,0.25,0.0,0.0,0.0
20,Marvin Bagley III,SAC,F,22,13,19.6,40.9,17.1,6.8,23,0.652,58,0.569,28,0.286,0.523,0.546,8.1,6.7,17.9,0.6,4.6,0.15,0.31,0.54,6.5,118.3,108.6
21,LaMelo Ball,CHA,G,20,24,33.3,69.4,27.9,14.9,70,0.9,237,0.439,179,0.391,0.502,0.538,20.0,7.7,12.4,8.3,37.3,1.88,0.42,3.25,13.0,110.5,106.0
22,Lonzo Ball,CHI,G,24,27,35.5,73.9,17.4,18.0,17,0.706,106,0.396,197,0.421,0.55,0.556,12.8,5.4,8.4,4.9,19.5,1.7,1.0,2.52,7.9,105.1,103.6
23,Mo Bamba,ORL,C,23,27,28.7,59.7,16.4,12.8,25,0.72,139,0.561,108,0.324,0.528,0.541,10.3,8.6,15.9,1.7,9.5,0.74,2.26,1.41,7.4,107.7,104.7
24,Desmond Bane,MEM,G,23,29,28.9,60.1,22.2,9.0,39,0.923,196,0.52,189,0.407,0.565,0.586,16.2,4.4,8.3,2.3,12.1,0.93,0.45,1.38,7.6,114.4,105.2
25,Dalano Banton,TOR,F,22,27,12.7,26.4,16.8,20.2,24,0.75,76,0.5,20,0.3,0.49,0.526,4.1,2.3,9.9,1.8,20.0,0.41,0.19,1.0,8.1,104.6,102.0
26,Harrison Barnes,SAC,F,29,24,33.3,69.4,20.5,11.9,142,0.845,166,0.512,113,0.381,0.536,0.614,17.5,6.6,10.3,2.4,10.3,0.92,0.13,1.92,7.8,119.2,111.8
27,Scottie Barnes,TOR,F,20,26,36.2,75.3,19.0,11.8,77,0.727,275,0.513,57,0.368,0.52,0.548,15.4,8.3,12.4,3.3,13.9,1.12,1.0,1.88,8.3,114.5,105.3
28,RJ Barrett,NYK,F-G,21,25,31.4,65.4,23.2,10.2,86,0.733,200,0.435,133,0.353,0.473,0.51,15.1,5.6,9.6,2.1,10.8,0.44,0.28,1.68,7.2,101.5,108.1
29,Will Barton,DEN,G,30,24,33.2,69.2,22.2,10.9,35,0.743,179,0.497,157,0.382,0.533,0.546,16.0,5.0,8.4,4.2,19.4,0.88,0.42,1.79,8.4,106.8,109.6
30,Charles Bassey,PHI,C-F,21,12,9.0,18.8,16.0,10.5,9,0.667,27,0.741,3,0.0,0.667,0.677,3.8,3.3,19.9,0.2,3.0,0.17,1.0,0.33,6.0,132.6,93.8
31,Keita Bates-Diop,SAS,F,25,21,14.4,30.1,13.4,17.9,18,0.667,55,0.527,15,0.2,0.479,0.507,3.8,3.5,12.7,0.5,4.6,0.48,0.29,0.81,5.2,97.0,106.2
32,Nicolas Batum,LAC,G-F,33,15,26.7,55.6,12.4,10.6,10,0.5,23,0.783,74,0.432,0.68,0.676,9.1,5.2,10.2,1.5,7.9,1.13,0.8,0.8,6.2,123.6,103.3
33,Kent Bazemore,LAL,G-F,32,20,18.5,38.5,11.7,7.9,13,0.769,42,0.333,45,0.311,0.402,0.431,4.0,1.9,5.3,0.8,5.6,0.85,0.25,0.4,3.9,91.9,100.2
34,Darius Bazley,OKC,F-G,21,27,27.4,57.1,17.0,13.0,46,0.63,137,0.438,96,0.281,0.431,0.454,8.5,6.3,11.7,1.3,7.4,0.89,1.15,1.41,6.0,88.8,108.5
35,Bradley Beal,WAS,G,28,26,36.0,75.1,31.0,13.7,114,0.825,367,0.515,144,0.271,0.484,0.525,22.7,4.7,7.1,5.8,28.4,0.85,0.31,3.42,9.5,102.1,108.4
36,Malik Beasley,MIN,G,25,28,25.6,53.4,19.1,6.1,23,0.739,82,0.415,217,0.341,0.485,0.497,11.0,3.2,6.5,1.6,9.3,0.57,0.18,0.71,6.0,104.1,110.9
37,DeAndre' Bembry,BKN,G-F,27,26,19.6,40.8,12.0,13.5,21,0.476,90,0.6,22,0.409,0.603,0.598,5.6,3.3,9.0,1.1,8.0,0.88,0.5,0.73,5.6,113.2,97.7
38,Davis Bertans,WAS,F,29,19,16.5,34.5,17.4,5.7,23,0.913,21,0.476,84,0.298,0.452,0.504,6.1,1.8,5.9,0.5,4.5,0.37,0.16,0.37,4.3,101.7,104.0
39,Patrick Beverley,MIN,G,33,20,26.0,54.3,14.2,13.0,24,0.667,71,0.577,73,0.342,0.545,0.56,8.7,4.1,8.2,4.7,26.1,0.9,0.85,1.15,8.5,122.7,102.5
40,Saddiq Bey,DET,F,22,26,31.7,66.0,20.1,9.3,49,0.735,169,0.391,159,0.296,0.416,0.442,11.9,5.8,9.9,2.3,12.2,1.04,0.15,1.38,6.8,94.7,109.5
41,Khem Birch,TOR,C,29,15,23.0,47.8,12.9,8.7,33,0.727,74,0.541,6,0.0,0.5,0.55,6.9,5.7,13.3,1.3,8.1,1.0,0.47,0.6,6.5,127.6,106.0
42,Goga Bitadze,IND,C-F,22,17,8.4,17.4,19.5,9.5,17,0.647,25,0.44,25,0.16,0.34,0.391,2.6,2.4,15.5,0.2,2.9,0.53,0.59,0.35,5.1,92.7,89.1
43,Nemanja Bjelica,GSW,F,33,28,14.2,29.7,20.1,16.7,33,0.667,70,0.557,70,0.4,0.579,0.595,6.6,3.9,14.6,1.6,16.3,0.64,0.32,1.11,9.7,111.4,91.4
44,Eric Bledsoe,LAC,G,32,29,26.4,55.0,18.4,17.6,59,0.763,155,0.484,85,0.318,0.481,0.519,9.5,3.8,7.6,3.7,20.4,1.31,0.38,1.97,7.7,101.4,102.9
45,Keljin Blevins,POR,G,26,3,4.7,9.8,18.5,33.3,0,0.0,1,0.0,3,0.667,0.75,0.75,2.0,0.3,3.8,0.3,10.5,0.0,0.0,0.67,4.8,94.0,120.7
46,Bojan Bogdanovic,UTA,F,32,27,29.7,62.0,21.8,9.5,87,0.92,159,0.528,166,0.422,0.582,0.63,17.0,3.8,7.0,1.7,8.5,0.48,0.04,1.41,6.4,123.0,107.1
47,Bogdan Bogdanovic,ATL,G,29,20,28.2,58.7,17.3,8.1,14,0.786,89,0.517,110,0.391,0.555,0.565,11.6,3.6,6.8,2.5,12.4,0.65,0.2,0.9,6.7,113.8,109.0
48,Bol Bol,DEN,C-F,22,10,5.1,10.6,14.5,0.0,1,1.0,13,0.538,3,0.0,0.438,0.456,1.5,1.4,15.3,0.4,11.3,0.1,0.2,0.0,7.4,109.3,105.2
49,Leandro Bolmaro,MIN,F,21,17,9.2,19.2,11.4,20.9,9,0.889,20,0.35,10,0.1,0.283,0.368,1.5,1.8,10.4,0.5,7.6,0.29,0.0,0.53,4.8,86.4,102.4
50,Isaac Bonga,TOR,G,22,10,5.4,11.2,12.5,6.4,6,0.667,9,0.222,3,0.333,0.292,0.376,1.1,0.6,6.0,0.3,7.2,0.4,0.2,0.1,4.3,98.9,98.4
51,Devin Booker,PHX,G,25,21,32.2,67.1,31.5,11.6,91,0.857,269,0.483,124,0.403,0.522,0.563,23.2,4.9,7.8,4.5,22.9,0.9,0.24,2.71,9.9,107.9,101.4
52,Brandon Boston Jr.,LAC,G,20,16,12.7,26.4,21.4,11.1,21,0.857,44,0.432,35,0.343,0.468,0.521,5.8,1.6,6.5,0.4,5.2,0.63,0.19,0.69,4.9,96.6,101.3
53,Chris Boucher,TOR,F-C,28,26,15.6,32.5,21.6,8.3,43,0.721,102,0.569,66,0.212,0.47,0.506,7.3,4.5,15.4,0.3,3.0,0.42,0.88,0.65,5.5,107.3,100.7
54,James Bouknight,CHA,G,21,13,7.9,16.5,23.3,8.8,8,0.875,29,0.31,19,0.474,0.469,0.505,4.0,1.6,10.9,0.4,6.8,0.08,0.0,0.38,6.9,107.5,114.7
55,Avery Bradley,LAL,G,31,26,23.0,48.0,11.3,8.9,2,1.0,58,0.414,85,0.4,0.524,0.528,5.8,2.5,5.8,0.8,4.5,0.85,0.23,0.54,3.9,103.4,106.0
56,Tony Bradley,CHI,C-F,23,21,12.6,26.3,13.1,19.0,7,0.714,61,0.557,0,0.0,0.557,0.57,3.5,4.5,19.4,0.5,5.3,0.05,0.57,0.71,6.3,113.4,99.3
57,Ignas Brazdeikis,ORL,F,22,13,8.5,17.6,14.3,8.2,6,0.833,13,0.385,18,0.167,0.306,0.357,1.8,1.4,8.7,0.5,7.8,0.23,0.0,0.23,5.1,84.4,104.5
58,Miles Bridges,CHA,F,23,30,36.6,76.2,22.4,9.7,121,0.76,287,0.561,183,0.328,0.534,0.568,19.8,7.3,10.7,3.6,14.6,1.17,0.87,1.87,8.8,113.3,110.3
59,Mikal Bridges,PHX,F,25,27,34.6,72.1,13.1,7.4,32,0.875,162,0.605,86,0.407,0.607,0.628,12.2,3.9,5.8,1.8,7.0,1.44,0.52,0.78,5.1,123.4,102.7
60,Oshae Brissett,IND,F-G,23,19,15.5,32.3,15.7,15.1,11,0.273,42,0.548,43,0.372,0.553,0.54,5.1,3.1,11.0,0.5,4.8,0.58,0.21,0.84,5.1,99.0,104.1
61,Malcolm Brogdon,IND,G,29,25,35.3,73.6,24.6,11.7,115,0.861,241,0.531,147,0.313,0.508,0.562,19.7,5.5,8.6,6.2,27.6,0.92,0.44,2.32,9.9,115.3,107.0
62,Armoni Brooks,HOU,G,23,24,16.1,33.6,18.2,7.2,15,0.867,27,0.556,121,0.331,0.507,0.527,6.8,2.0,6.5,1.3,12.7,0.63,0.21,0.5,6.5,108.0,106.6
63,Dillon Brooks,MEM,G-F,25,15,27.8,57.9,29.7,10.5,60,0.883,163,0.46,74,0.324,0.468,0.522,18.3,3.5,6.8,2.9,16.4,1.2,0.13,2.07,8.2,104.6,101.5
64,Greg Brown III,POR,F,20,11,4.7,9.7,21.3,8.0,7,0.286,16,0.438,4,0.0,0.35,0.347,1.5,1.3,14.8,0.5,14.3,0.18,0.36,0.18,8.4,86.8,99.9
65,Troy Brown Jr.,CHI,G-F,22,18,12.8,26.6,16.5,8.1,14,0.714,43,0.512,30,0.267,0.466,0.493,4.3,2.5,10.7,0.8,9.2,0.33,0.06,0.39,6.4,103.5,104.6
66,Bruce Brown,BKN,G-F,25,24,22.5,46.8,14.4,9.0,17,0.765,129,0.496,25,0.32,0.494,0.511,6.9,4.3,10.1,1.1,7.1,1.25,0.42,0.67,5.7,108.1,97.5
67,Jaylen Brown,BOS,G-F,25,14,32.6,67.9,28.1,11.6,63,0.778,139,0.525,92,0.37,0.537,0.574,21.2,5.1,8.4,2.4,13.1,1.14,0.5,2.43,7.8,106.0,102.8
68,Moses Brown,DAL,C,22,14,6.3,13.2,20.6,14.7,29,0.69,22,0.636,0,0.0,0.636,0.69,3.4,2.1,17.7,0.0,0.0,0.21,0.43,0.43,0.0,127.9,91.5
69,Sterling Brown,DAL,G-F,26,20,12.8,26.6,13.6,18.0,4,1.0,22,0.5,40,0.275,0.444,0.463,3.0,3.2,13.5,0.8,8.2,0.45,0.1,0.7,6.2,93.1,99.5
70,Jalen Brunson,DAL,G,25,27,29.4,61.3,21.9,10.0,74,0.77,238,0.555,80,0.325,0.538,0.569,14.8,4.0,7.4,5.0,28.1,0.74,0.04,1.44,9.1,117.5,105.8
71,Reggie Bullock,DAL,G-F,30,27,23.9,49.8,12.4,8.9,11,0.727,41,0.585,117,0.274,0.456,0.467,5.6,2.7,6.1,0.9,5.0,0.3,0.11,0.59,4.0,92.8,107.3
72,Trey Burke,DAL,G,29,16,12.7,26.5,26.9,11.4,15,0.933,64,0.5,38,0.395,0.534,0.566,7.7,1.1,4.5,1.9,26.7,0.44,0.0,0.88,8.0,109.8,106.1
73,Alec Burks,NYK,G,30,27,25.8,53.8,18.7,7.1,80,0.825,107,0.393,133,0.398,0.506,0.561,11.4,3.7,7.7,2.1,12.9,1.19,0.3,0.78,6.9,116.8,104.7
74,Jared Butler,UTA,G,21,17,4.3,9.0,25.6,18.6,7,0.571,13,0.385,19,0.316,0.438,0.456,1.9,0.7,9.0,0.6,19.0,0.12,0.35,0.47,8.6,88.1,87.5
75,Jimmy Butler,MIA,F,32,18,33.7,70.2,27.4,9.4,149,0.852,242,0.55,31,0.194,0.52,0.607,22.8,5.8,9.7,5.2,26.6,2.17,0.28,1.94,10.5,125.9,103.9
76,Devontae Cacok,SAS,F,25,1,1.8,3.8,23.7,0.0,0,0.0,1,1.0,0,0.0,1.0,1.0,2.0,2.0,58.7,1.0,166.5,0.0,0.0,0.0,35.3,0.0,0.0
77,Kentavious Caldwell-Pope,WAS,G,28,29,29.1,60.6,17.2,10.5,38,0.895,123,0.455,150,0.387,0.524,0.552,11.0,3.6,6.8,1.7,8.4,1.28,0.38,1.17,5.6,105.7,106.9
78,Facundo Campazzo,DEN,G,30,27,20.3,42.2,14.7,15.6,28,0.857,49,0.469,90,0.356,0.511,0.549,6.1,1.8,5.0,3.1,20.7,0.96,0.33,1.04,6.4,111.3,103.9
79,Vlatko Cancar,DEN,F,24,8,7.3,15.2,16.6,13.9,6,0.833,11,0.182,5,0.8,0.5,0.563,2.6,1.1,8.6,0.8,14.1,0.25,0.13,0.38,7.2,110.1,104.0
80,Clint Capela,ATL,C,27,28,30.0,62.5,15.4,6.1,66,0.515,248,0.573,1,0.0,0.57,0.572,11.4,12.8,23.0,1.4,6.7,0.93,1.5,0.64,7.9,128.9,101.7
81,Vernon Carey Jr.,CHA,F-C,20,2,6.0,12.4,26.6,13.4,1,1.0,6,0.5,0,0.0,0.5,0.543,3.5,1.5,13.5,0.0,0.0,0.5,0.0,0.5,0.0,105.6,108.7
82,Wendell Carter Jr.,ORL,C-F,22,29,29.4,61.3,18.1,12.0,62,0.71,177,0.605,112,0.348,0.573,0.593,12.9,10.1,18.3,2.6,14.5,0.66,0.62,1.48,9.5,117.1,103.8
83,Jevon Carter,BKN,G,26,27,11.7,24.5,12.2,12.4,4,0.75,17,0.176,59,0.305,0.395,0.405,2.3,1.5,6.7,1.1,11.8,0.33,0.26,0.41,5.3,88.6,101.2
84,Alex Caruso,CHI,G,27,24,28.6,59.5,13.4,17.2,49,0.857,80,0.525,72,0.347,0.523,0.579,8.4,3.6,7.0,4.1,19.4,2.17,0.38,1.5,7.0,116.8,99.7
85,Willie Cauley-Stein,DAL,C,28,18,9.8,20.5,10.8,16.3,2,0.5,33,0.455,2,0.5,0.471,0.474,1.9,2.1,11.6,0.5,7.1,0.33,0.17,0.39,5.1,101.7,100.8
86,Justin Champagnie,TOR,G-F,20,14,6.7,14.0,13.7,0.0,7,1.0,20,0.6,7,0.0,0.444,0.515,2.2,1.4,10.9,0.1,1.5,0.07,0.14,0.0,4.0,128.1,104.6
87,Chris Chiozza,GSW,G,26,11,11.2,23.4,13.8,22.8,1,1.0,8,0.25,22,0.409,0.517,0.526,2.9,1.5,7.0,1.6,19.3,0.45,0.0,0.82,6.8,104.4,93.4
88,Josh Christopher,HOU,G,20,20,11.1,23.1,21.1,18.1,19,0.684,53,0.509,29,0.414,0.549,0.57,5.2,1.4,6.5,1.2,16.8,0.6,0.05,1.0,7.4,103.4,108.0
89,Brandon Clarke,MEM,F,25,19,16.0,33.3,17.3,6.4,27,0.667,94,0.67,11,0.091,0.614,0.629,7.7,4.4,14.6,1.4,13.1,0.37,0.84,0.42,9.0,134.1,102.5
90,Gary Clark,NOP,F,27,1,2.7,5.6,0.0,0.0,0,0.0,0,0.0,0,0.0,0.0,0.0,0.0,0.0,0.0,0.0,0.0,0.0,0.0,0.0,0.0,0.0,0.0
91,Jordan Clarkson,UTA,G,29,27,25.0,52.1,27.9,7.4,50,0.82,142,0.507,236,0.305,0.476,0.501,14.9,3.1,6.9,2.1,12.9,0.63,0.22,1.19,7.4,105.1,104.6
92,Nic Claxton,BKN,F-C,22,10,18.2,38.0,13.9,12.1,16,0.5,44,0.614,0,0.0,0.614,0.607,6.2,4.8,14.0,0.5,4.0,0.2,0.8,0.7,5.4,116.7,98.4
93,Amir Coffey,LAC,G-F,24,17,12.5,26.0,11.4,9.1,21,0.857,11,0.364,30,0.333,0.463,0.557,3.3,1.6,6.7,0.6,6.9,0.06,0.12,0.29,4.7,114.8,105.4
94,John Collins,ATL,F-C,24,28,32.4,67.4,19.3,7.5,102,0.784,239,0.615,87,0.402,0.612,0.646,17.1,7.8,13.0,2.1,9.9,0.71,1.25,1.07,8.1,130.0,104.1
95,Mike Conley,UTA,G,34,25,27.8,58.0,19.5,14.4,36,0.833,113,0.531,138,0.457,0.616,0.635,13.6,2.1,4.1,5.4,28.3,1.16,0.28,1.8,7.7,126.8,103.9
96,Pat Connaughton,MIL,G,28,30,28.9,60.3,14.9,7.3,32,0.781,76,0.684,189,0.434,0.66,0.672,12.5,4.7,8.5,1.3,6.4,1.0,0.33,0.73,5.9,129.5,105.4
97,Tyler Cook,CHI,F,24,2,8.4,17.4,15.5,17.0,2,1.0,4,0.5,0,0.0,0.5,0.615,3.0,1.0,6.6,1.5,24.9,0.0,0.0,0.5,7.9,120.7,107.5
98,Sharife Cooper,ATL,G,20,6,2.3,4.8,25.3,25.0,0,0.0,4,0.5,2,0.0,0.333,0.333,0.7,0.0,0.0,0.7,40.5,0.0,0.0,0.33,0.0,0.0,0.0
99,Petr Cornelie,DEN,F,26,9,3.2,6.6,22.1,14.3,0,0.0,6,0.667,6,0.0,0.333,0.333,0.9,1.3,23.5,0.3,15.3,0.0,0.0,0.22,8.8,0.0,0.0
100,DeMarcus Cousins,MIL,C,31,7,12.4,25.7,20.0,19.9,12,0.833,14,0.429,13,0.231,0.389,0.48,4.4,4.0,17.0,1.0,11.0,0.71,0.14,1.14,8.4,95.1,84.5
101,Robert Covington,POR,F,31,29,27.2,56.8,11.8,14.5,3,1.0,49,0.531,132,0.333,0.508,0.513,6.4,4.7,9.4,1.2,5.9,1.21,1.1,1.07,4.9,96.5,105.6
102,Torrey Craig,IND,F,30,27,14.8,30.8,14.5,11.3,22,0.773,55,0.691,53,0.264,0.546,0.574,5.0,3.1,11.6,0.9,8.1,0.41,0.26,0.56,6.5,117.9,102.0
103,Jae Crowder,PHX,F,31,27,28.3,59.0,14.9,9.5,35,0.771,75,0.52,147,0.34,0.514,0.537,9.4,4.8,8.7,1.4,6.6,1.22,0.48,0.93,5.6,104.0,98.4
104,Jarrett Culver,MEM,G-F,22,11,9.2,19.1,19.4,6.4,8,0.5,28,0.643,12,0.25,0.563,0.563,4.5,1.5,9.0,1.3,21.1,0.55,0.09,0.27,9.0,119.6,108.4
105,Cade Cunningham,DET,G,20,21,32.1,66.9,26.8,19.3,46,0.826,167,0.437,152,0.322,0.459,0.488,15.8,6.2,10.5,4.6,25.4,1.48,0.57,3.86,9.6,90.4,104.9
106,Seth Curry,PHI,G,31,26,34.2,71.3,18.7,11.7,59,0.864,160,0.606,137,0.394,0.599,0.63,15.7,2.9,4.7,2.9,13.5,0.81,0.19,1.65,6.0,116.9,109.4
107,Stephen Curry,GSW,G,33,27,34.3,71.5,32.1,12.9,117,0.923,184,0.495,363,0.399,0.564,0.606,26.9,5.5,8.7,6.1,30.4,1.63,0.48,3.3,11.3,115.2,98.9
108,Anthony Davis,LAL,F-C,28,26,36.0,74.9,27.6,9.5,160,0.725,420,0.564,55,0.182,0.531,0.568,23.8,10.2,15.0,3.0,14.1,1.27,2.08,2.19,10.0,113.7,102.9
109,Ed Davis,CLE,C-F,32,10,9.6,20.0,7.6,17.9,4,0.25,12,0.75,0,0.0,0.75,0.69,1.9,3.2,18.2,0.1,1.4,0.2,0.6,0.3,3.5,118.6,90.8
110,Terence Davis,SAC,G,24,20,17.3,36.0,24.9,12.8,20,0.75,74,0.568,95,0.295,0.497,0.515,9.2,3.0,9.1,1.0,8.9,0.8,0.35,1.3,7.0,95.2,99.9
111,Gabriel Deck,OKC,F,26,6,7.5,15.6,13.5,14.3,0,0.0,9,0.556,3,0.333,0.542,0.542,2.2,0.8,5.7,0.5,10.8,0.17,0.0,0.33,5.1,101.4,111.3
112,Dewayne Dedmon,MIA,C,32,29,16.9,35.1,15.3,14.9,38,0.789,111,0.568,15,0.6,0.607,0.641,6.3,6.2,20.9,0.9,7.7,0.45,0.45,0.86,7.8,125.5,92.6
113,Sam Dekker,TOR,F,27,1,0.9,1.9,0.0,0.0,0,0.0,0,0.0,0,0.0,0.0,0.0,0.0,0.0,0.0,0.0,0.0,0.0,0.0,0.0,0.0,0.0,0.0
114,DeMar DeRozan,CHI,G-F,32,24,35.3,73.5,30.3,8.4,179,0.888,396,0.523,60,0.333,0.52,0.592,26.4,5.3,8.2,4.1,20.2,0.92,0.38,2.04,9.4,117.8,104.9
115,Hamidou Diallo,DET,G,23,19,15.7,32.7,18.0,9.6,27,0.741,79,0.595,22,0.273,0.554,0.585,6.9,3.0,10.3,0.8,8.9,0.68,0.47,0.63,6.5,114.9,101.6
116,Gorgui Dieng,ATL,C,31,23,8.4,17.4,15.4,19.1,16,0.688,24,0.5,24,0.375,0.531,0.563,2.7,3.2,20.7,0.7,10.4,0.3,0.3,0.57,8.7,113.6,91.3
117,Spencer Dinwiddie,WAS,G,28,25,29.5,61.4,21.6,11.5,69,0.841,159,0.434,125,0.328,0.46,0.507,12.8,4.9,9.0,5.1,26.1,0.4,0.16,1.64,9.3,107.2,106.1
118,Luka Doncic,DAL,F-G,22,21,35.0,72.9,36.1,16.2,116,0.698,272,0.526,175,0.326,0.511,0.54,25.6,8.0,12.4,8.5,45.7,1.05,0.52,4.57,13.7,104.1,102.0
119,Luguentz Dort,OKC,G,22,25,32.2,67.0,22.7,9.5,86,0.837,156,0.532,187,0.332,0.513,0.557,17.0,3.8,6.0,1.8,9.9,0.84,0.36,1.6,6.1,107.3,106.3
120,Ayo Dosunmu,CHI,G,21,25,17.9,37.2,14.7,13.4,19,0.579,80,0.55,41,0.415,0.574,0.58,6.0,2.1,6.4,1.2,9.2,0.4,0.2,0.8,5.5,108.6,104.4
121,Devon Dotson,CHI,G,22,5,9.6,19.9,15.2,6.1,8,0.625,7,0.571,5,0.2,0.458,0.515,3.2,1.2,6.9,0.8,11.3,0.0,0.0,0.2,6.1,112.4,103.0
122,Sekou Doumbouya,LAL,F,20,2,8.2,17.1,30.8,17.0,4,0.75,6,0.667,2,0.5,0.688,0.717,7.0,3.0,19.3,0.0,0.0,1.5,1.0,1.0,0.0,117.6,93.2
123,Jeff Dowtin,GSW,G,24,3,3.4,7.1,17.0,0.0,0,0.0,4,0.5,0,0.0,0.5,0.5,1.3,0.7,10.6,0.0,0.0,0.0,0.0,0.0,0.0,0.0,0.0
124,P.J. Dozier,DEN,G-F,25,18,18.9,39.4,15.5,11.0,13,0.769,51,0.412,48,0.313,0.439,0.463,5.4,3.5,10.3,1.6,11.7,0.61,0.33,0.72,6.6,99.3,102.7
125,Goran Dragic,TOR,G,35,5,18.0,37.4,18.8,2.5,10,1.0,20,0.45,14,0.286,0.441,0.521,8.0,2.8,8.4,1.8,14.6,1.0,0.2,0.2,7.6,121.7,103.1
126,Andre Drummond,PHI,C,28,28,19.9,41.4,17.3,22.1,55,0.564,140,0.5,1,0.0,0.496,0.518,6.1,9.5,26.4,1.9,14.3,0.96,1.11,1.68,9.6,109.1,93.4
127,Chris Duarte,IND,G,24,28,29.1,60.6,21.3,11.9,39,0.744,185,0.486,147,0.34,0.497,0.514,12.8,4.0,7.6,2.0,10.3,1.0,0.14,1.68,6.4,98.6,106.5
128,David Duke Jr.,BKN,G,22,3,22.7,47.4,16.8,0.0,3,0.667,16,0.438,9,0.111,0.34,0.361,6.3,6.0,14.0,1.3,8.1,1.0,0.67,0.0,6.5,100.1,97.1
129,Kevin Durant,BKN,F,33,26,36.9,77.0,31.6,11.8,187,0.882,404,0.569,128,0.375,0.568,0.626,29.6,7.8,11.2,5.8,28.4,0.65,0.85,3.15,11.9,118.4,104.6
130,Anthony Edwards,MIN,G,20,28,35.9,74.9,27.2,13.8,99,0.788,281,0.498,242,0.36,0.517,0.546,22.1,5.8,8.4,3.6,17.0,1.57,0.71,3.25,8.6,104.1,107.2
131,Kessler Edwards,BKN,F,21,3,18.5,38.5,16.5,14.3,0,0.0,8,0.625,10,0.5,0.694,0.694,8.3,4.3,12.4,0.7,5.5,0.67,0.0,1.0,6.3,122.9,106.6
132,CJ Elleby,POR,F-G,21,14,5.4,11.2,16.8,24.1,0,0.0,10,0.6,12,0.333,0.545,0.545,1.7,1.3,13.0,0.3,7.8,0.0,0.0,0.5,6.5,87.6,100.7
133,Wayne Ellington,LAL,G,34,21,20.4,42.5,12.7,7.1,5,0.8,8,0.375,108,0.398,0.582,0.588,6.6,1.5,3.9,0.7,4.4,0.52,0.1,0.43,3.7,111.9,109.7
134,Joel Embiid,PHI,C-F,27,18,33.1,68.9,32.5,11.0,178,0.798,239,0.456,62,0.371,0.477,0.565,23.8,11.0,18.4,4.2,21.9,1.11,1.33,2.61,12.5,112.8,100.9
135,Drew Eubanks,SAS,F-C,24,26,14.4,30.1,17.4,21.0,47,0.809,95,0.537,5,0.2,0.525,0.592,5.5,4.6,16.8,1.3,12.4,0.38,0.85,1.23,8.9,109.9,100.6
136,Tacko Fall,CLE,C,26,8,3.1,6.4,14.5,12.2,5,0.2,5,0.4,0,0.0,0.4,0.347,0.6,0.6,11.1,0.0,0.0,0.0,0.25,0.13,0.0,0.0,0.0
137,Derrick Favors,OKC,F,30,21,16.7,34.7,15.3,4.8,18,0.556,101,0.535,9,0.222,0.518,0.526,5.9,5.1,15.8,0.6,5.7,0.48,0.19,0.29,6.3,113.9,102.3
138,Bruno Fernando,BOS,F-C,23,8,2.2,4.7,14.7,50.0,0,0.0,3,0.667,0,0.0,0.667,0.667,0.5,0.3,6.0,0.1,8.1,0.0,0.13,0.38,4.5,0.0,0.0
139,Dorian Finney-Smith,DAL,F,28,28,32.1,66.9,13.1,10.3,29,0.586,88,0.534,135,0.37,0.547,0.554,9.3,4.8,8.0,1.8,7.8,1.43,0.5,0.96,5.4,113.3,104.2
140,Malik Fitts,UTA,F,20,4,2.6,5.4,4.2,0.0,0,0.0,1,0.0,0,0.0,0.0,0.0,0.0,0.8,15.8,0.0,0.0,0.0,0.0,0.0,0.0,0.0,0.0
141,Malachi Flynn,TOR,G,23,20,8.3,17.2,19.0,8.2,7,0.571,33,0.455,31,0.29,0.445,0.455,3.1,1.2,7.5,0.9,15.0,0.5,0.1,0.3,7.2,101.3,102.1
142,Bryn Forbes,SAS,G,28,26,14.5,30.3,21.8,11.9,27,0.889,79,0.506,79,0.43,0.576,0.606,7.9,1.2,4.3,0.7,7.3,0.38,0.04,0.88,5.2,107.1,110.2
143,Trent Forrest,UTA,G,23,20,7.5,15.5,10.4,31.0,8,0.875,18,0.556,3,0.333,0.548,0.612,1.5,1.1,8.1,0.8,12.7,0.25,0.0,0.55,5.9,107.7,103.5
144,Evan Fournier,NYK,G-F,29,28,28.1,58.6,19.7,10.0,33,0.788,120,0.458,182,0.368,0.515,0.532,12.0,2.7,5.2,1.6,9.1,0.89,0.21,1.25,5.3,103.3,109.7
145,De'Aaron Fox,SAC,G,23,29,34.2,71.3,28.0,12.0,170,0.741,387,0.514,118,0.263,0.486,0.532,21.3,3.7,5.6,5.0,23.8,1.38,0.45,2.72,8.6,106.0,108.5
146,Enes Freedom,BOS,C,29,17,11.2,23.3,17.7,14.3,18,0.833,55,0.473,3,0.333,0.474,0.531,4.1,5.3,25.3,0.2,2.4,0.12,0.53,0.65,5.8,114.2,98.3
147,Daniel Gafford,WAS,F-C,23,26,21.2,44.3,16.3,14.0,47,0.723,152,0.678,0,0.0,0.678,0.695,9.2,6.3,16.2,1.0,7.2,0.5,1.88,1.08,7.3,130.2,98.4
148,Danilo Gallinari,ATL,F,33,25,21.8,45.5,17.4,5.5,46,0.935,91,0.429,95,0.421,0.532,0.584,9.6,4.0,9.7,1.4,8.7,0.52,0.24,0.48,6.9,122.0,108.0
149,Darius Garland,CLE,G,21,28,34.2,71.3,25.7,19.1,69,0.899,234,0.53,190,0.389,0.554,0.585,19.0,3.0,4.8,7.4,35.3,1.29,0.11,3.82,8.8,108.4,103.7
150,Marcus Garrett,MIA,G,23,6,3.5,7.2,6.2,0.0,2,0.0,2,0.0,0,0.0,0.0,0.0,0.0,0.5,8.2,0.7,23.7,0.0,0.17,0.0,0.0,0.0,0.0
151,Usman Garuba,HOU,F,19,8,7.8,16.1,12.9,10.6,2,0.5,7,0.571,9,0.222,0.438,0.444,1.9,2.8,19.0,0.9,16.2,0.5,0.5,0.25,8.6,109.9,99.8
152,Luka Garza,DET,C,22,15,9.5,19.8,17.5,12.0,14,0.786,29,0.448,16,0.375,0.489,0.538,3.7,2.1,11.7,0.5,8.0,0.4,0.07,0.47,6.6,110.0,96.4
153,Rudy Gay,UTA,F-G,35,13,19.0,39.6,20.2,10.5,13,0.769,32,0.531,65,0.4,0.577,0.594,9.4,5.0,14.4,0.9,7.0,0.54,0.23,0.92,7.3,115.2,98.9
154,Paul George,LAC,F,31,24,35.9,74.7,34.0,15.2,108,0.88,320,0.488,201,0.318,0.484,0.527,25.0,7.3,10.7,5.4,26.9,1.88,0.38,4.25,11.1,98.2,99.0
155,Taj Gibson,NYK,F,36,12,18.6,38.6,9.5,25.0,9,0.778,29,0.517,3,0.0,0.469,0.514,3.1,4.7,13.4,0.7,5.0,0.33,1.17,1.0,4.7,105.2,95.8
156,Josh Giddey,OKC,G,19,25,29.9,62.3,21.3,19.6,30,0.7,192,0.469,90,0.244,0.436,0.452,10.7,6.8,11.6,5.9,32.5,0.96,0.6,2.88,10.1,93.4,105.8
157,Shai Gilgeous-Alexander,OKC,G-F,23,24,34.9,72.7,28.6,10.1,150,0.813,276,0.467,154,0.305,0.464,0.525,21.7,4.6,6.8,4.9,25.6,0.92,0.71,2.33,9.0,106.2,108.7
158,Anthony Gill,WAS,F,29,11,5.0,10.3,14.4,11.4,8,0.875,9,0.667,3,1.0,0.875,0.902,2.5,1.4,15.0,0.2,5.6,0.0,0.18,0.18,7.1,165.4,104.3
159,Rudy Gobert,UTA,C,29,27,31.5,65.5,16.6,14.8,169,0.675,201,0.741,1,0.0,0.738,0.745,15.3,14.7,25.6,1.0,4.6,0.81,2.15,1.78,7.7,138.9,95.3
160,Aaron Gordon,DEN,F,26,28,32.7,68.0,18.3,11.6,87,0.747,209,0.584,82,0.341,0.564,0.597,14.0,5.6,9.6,2.3,10.3,0.61,0.71,1.54,6.9,116.8,108.4
161,Eric Gordon,HOU,G,32,23,29.9,62.2,21.0,17.1,64,0.719,129,0.519,125,0.448,0.594,0.617,15.1,1.9,3.4,2.9,15.7,0.61,0.57,2.52,5.8,107.0,114.5
162,Devonte' Graham,NOP,G,26,27,31.1,64.8,20.2,11.1,49,0.776,115,0.391,217,0.355,0.483,0.508,13.3,2.4,4.2,4.5,22.0,1.15,0.15,1.63,6.7,105.9,113.1
163,Jerami Grant,DET,F,27,24,33.2,69.2,26.8,10.3,146,0.849,255,0.455,127,0.331,0.469,0.54,20.1,4.8,7.8,2.6,14.3,1.13,1.13,2.13,7.6,106.4,108.1
164,Danny Green,PHI,G,34,22,23.6,49.1,13.4,15.1,4,1.0,20,0.6,108,0.389,0.586,0.593,7.0,2.7,6.4,1.2,7.4,1.45,0.77,1.05,4.8,106.9,105.2
165,Draymond Green,GSW,F,31,27,30.3,63.1,14.3,30.7,63,0.587,134,0.604,26,0.308,0.581,0.594,8.3,8.0,14.3,7.3,32.6,1.37,1.0,3.07,10.4,112.4,92.6
166,Javonte Green,CHI,G-F,28,23,20.6,43.0,11.4,12.9,24,0.75,71,0.535,26,0.385,0.546,0.576,5.4,4.3,11.3,0.7,4.6,0.83,0.35,0.7,4.9,117.5,100.7
167,Jalen Green,HOU,G,19,18,30.8,64.3,23.0,16.2,57,0.807,113,0.487,115,0.278,0.452,0.498,14.0,3.1,5.4,2.3,11.9,0.61,0.22,2.72,6.0,91.1,112.5
168,JaMychal Green,DEN,F-C,31,25,14.4,30.0,20.3,15.3,23,0.783,69,0.565,59,0.22,0.457,0.489,5.4,3.3,12.8,0.8,8.5,0.8,0.52,1.0,6.7,94.9,94.1
169,Jeff Green,DEN,F,35,28,25.0,52.1,16.2,11.0,76,0.829,131,0.557,61,0.328,0.536,0.597,9.6,3.0,6.8,1.1,6.5,0.29,0.5,1.0,5.1,112.5,105.6
170,Josh Green,DAL,G,21,17,7.4,15.4,12.7,11.2,4,0.25,24,0.625,6,0.5,0.65,0.63,2.4,1.5,11.2,0.5,9.7,0.35,0.12,0.24,6.6,124.1,97.1
171,Blake Griffin,BKN,F,32,20,21.1,44.0,14.6,7.1,30,0.7,57,0.526,61,0.18,0.394,0.434,5.7,4.7,11.8,2.1,13.1,0.55,0.55,0.5,7.3,103.6,97.8
172,Quentin Grimes,NYK,G,21,14,8.5,17.7,17.3,17.1,2,1.0,6,0.333,32,0.469,0.645,0.656,3.6,0.9,5.8,0.4,7.9,0.21,0.07,0.57,5.1,110.2,107.3
173,Tyrese Haliburton,SAC,G,21,27,33.1,68.9,16.0,15.4,29,0.759,155,0.477,119,0.395,0.527,0.542,11.5,4.0,6.4,5.7,24.2,1.78,0.85,1.93,7.7,112.1,112.2
174,R.J. Hampton,ORL,G,20,29,18.5,38.5,20.6,16.7,63,0.603,114,0.386,72,0.417,0.478,0.505,7.4,2.8,8.0,2.3,19.5,0.48,0.14,1.48,7.8,96.1,108.9
175,Tim Hardaway Jr.,DAL,G-F,29,28,31.4,65.3,21.3,4.3,65,0.738,165,0.448,207,0.333,0.477,0.503,14.4,3.9,6.8,2.3,11.4,0.96,0.11,0.64,6.4,105.8,105.8
176,James Harden,BKN,G,32,26,36.2,75.5,27.6,21.8,192,0.885,191,0.471,190,0.337,0.488,0.582,20.8,7.9,11.6,9.6,39.3,1.38,0.65,5.0,12.9,109.2,101.6
177,Maurice Harkless,SAC,F-G,28,19,18.8,39.2,9.7,11.0,11,0.727,27,0.63,41,0.22,0.449,0.474,3.6,2.4,6.6,0.5,3.6,0.42,0.42,0.47,3.5,93.5,108.8
178,Montrezl Harrell,WAS,F-C,27,29,26.0,54.1,20.7,10.3,137,0.723,244,0.656,8,0.25,0.647,0.68,14.7,7.7,16.1,2.1,13.7,0.52,0.66,1.24,9.5,133.8,104.6
179,Gary Harris,ORL,G,27,22,26.3,54.8,14.4,12.3,17,0.765,87,0.54,76,0.316,0.509,0.525,8.1,2.4,4.8,1.6,9.6,0.64,0.09,1.09,4.8,102.6,112.4
180,Joe Harris,BKN,G-F,30,14,30.2,62.9,14.7,11.2,6,0.833,36,0.417,88,0.466,0.617,0.624,11.3,4.0,7.0,1.0,4.7,0.5,0.14,1.14,4.7,109.5,104.4
181,Tobias Harris,PHI,F,29,20,34.1,71.1,24.8,8.8,68,0.838,228,0.531,82,0.317,0.516,0.555,18.9,7.8,12.5,3.3,16.4,0.35,0.55,1.65,9.2,109.8,109.1
182,Isaiah Hartenstein,LAC,C-F,23,28,16.3,34.0,17.8,15.0,49,0.653,134,0.657,3,0.667,0.664,0.675,7.6,4.7,15.0,1.9,18.3,0.86,1.25,1.0,10.0,131.2,90.3
183,Josh Hart,NOP,G,26,23,31.1,64.7,15.3,15.6,58,0.828,137,0.577,54,0.333,0.555,0.6,11.3,6.8,11.9,4.1,20.0,0.83,0.3,1.74,8.8,117.8,105.2
184,Udonis Haslem,MIA,F,41,5,4.6,9.6,11.6,0.0,0,0.0,5,0.6,1,0.0,0.5,0.5,1.2,1.2,14.7,0.2,6.4,0.0,0.2,0.0,5.7,116.4,85.3
185,Sam Hauser,BOS,F,24,3,2.3,4.7,19.3,0.0,0,0.0,0,0.0,3,0.333,0.5,0.5,1.0,0.7,15.7,0.0,0.0,0.33,0.0,0.0,0.0,0.0,0.0
186,Jaxson Hayes,NOP,C-F,21,20,11.7,24.4,19.7,12.0,37,0.757,68,0.529,11,0.364,0.532,0.588,5.6,3.2,14.7,0.3,3.4,0.25,0.6,0.65,6.0,115.0,100.9
187,Killian Hayes,DET,G,20,21,25.6,53.2,14.3,17.4,21,0.905,77,0.325,61,0.344,0.409,0.448,6.3,3.4,7.2,3.7,21.9,1.14,0.43,1.48,6.7,95.5,103.7
188,Gordon Hayward,CHA,F,31,30,34.3,71.5,21.6,10.7,126,0.857,274,0.504,139,0.403,0.538,0.589,18.4,4.9,7.6,3.9,16.5,0.8,0.6,1.87,8.2,116.6,114.6
189,Aaron Henry,PHI,F,22,1,2.1,4.4,21.6,0.0,0,0.0,0,0.0,1,0.0,0.0,0.0,0.0,0.0,0.0,0.0,0.0,0.0,0.0,0.0,0.0,0.0,0.0
190,Juancho Hernangomez,BOS,F,26,15,4.2,8.8,18.2,22.9,5,0.8,6,0.333,12,0.167,0.278,0.347,0.9,1.1,14.4,0.1,2.1,0.27,0.0,0.4,4.4,71.5,101.9
191,Willy Hernangomez,NOP,C-F,27,15,15.2,31.7,21.2,14.1,30,0.7,82,0.646,2,1.0,0.667,0.684,8.9,7.0,24.8,1.5,18.0,0.4,0.33,1.07,11.9,130.3,96.7
192,Tyler Herro,MIA,G,21,25,32.9,68.5,29.7,14.2,59,0.864,275,0.476,170,0.382,0.513,0.539,20.3,5.2,9.0,3.7,19.5,0.56,0.08,3.12,8.9,100.5,107.7
193,Buddy Hield,SAC,G,29,29,28.3,58.9,24.0,9.9,56,0.857,108,0.454,287,0.355,0.511,0.539,15.6,4.0,7.4,2.1,11.0,0.76,0.28,1.59,7.2,105.6,109.7
194,George Hill,MIL,G,35,24,26.5,55.1,12.6,15.0,32,0.938,73,0.548,71,0.324,0.517,0.566,7.5,3.5,6.9,2.5,12.8,0.79,0.13,1.17,6.1,114.6,105.4
195,Solomon Hill,ATL,F,30,13,10.7,22.3,6.6,4.8,0,0.0,7,0.143,13,0.154,0.2,0.2,0.6,1.8,9.3,0.9,10.3,0.31,0.15,0.08,3.7,89.6,103.1
196,Aaron Holiday,WAS,G,25,28,16.4,34.2,17.5,15.0,24,0.792,103,0.515,39,0.359,0.521,0.547,6.0,1.6,5.3,1.8,16.3,0.54,0.29,0.96,6.3,102.9,104.6
197,Jrue Holiday,MIL,G,31,24,32.3,67.2,23.2,14.6,45,0.667,227,0.529,111,0.369,0.537,0.549,16.4,4.4,7.2,6.5,32.0,1.33,0.5,2.54,9.6,110.8,104.5
198,Justin Holiday,IND,F-G,32,24,27.8,57.9,15.5,8.9,11,0.727,54,0.519,157,0.357,0.531,0.537,9.7,2.8,5.5,1.7,8.4,0.54,0.29,0.88,5.2,105.7,106.9
199,Richaun Holmes,SAC,F,28,22,27.1,56.4,17.1,12.9,57,0.807,181,0.707,4,0.5,0.708,0.733,14.0,9.4,18.1,1.4,8.0,0.27,0.95,1.41,8.4,137.1,102.3
200,Rodney Hood,MIL,G-F,29,23,15.6,32.6,10.3,3.5,12,1.0,29,0.448,49,0.327,0.474,0.516,3.7,2.0,6.9,0.8,7.0,0.35,0.04,0.13,4.6,117.6,106.5
201,Al Horford,BOS,C-F,35,24,29.6,61.7,17.6,8.8,56,0.857,131,0.58,105,0.295,0.519,0.562,12.2,7.8,14.1,3.5,18.3,0.75,1.54,1.04,9.4,120.4,101.7
202,Talen Horton-Tucker,LAL,G,21,15,28.8,60.0,19.4,11.7,29,0.828,106,0.472,54,0.278,0.453,0.489,11.3,4.5,8.3,2.9,14.3,1.2,0.53,1.53,7.3,99.1,100.4
203,Danuel House Jr.,HOU,F-G,28,16,14.5,30.3,18.3,17.9,19,0.895,40,0.375,34,0.294,0.405,0.467,4.8,2.7,9.9,1.2,11.9,0.31,0.31,1.13,6.9,88.7,108.1
204,Dwight Howard,LAL,C-F,36,25,15.1,31.5,13.1,20.0,46,0.609,64,0.609,8,0.75,0.667,0.672,5.0,5.4,18.7,0.5,4.4,0.84,0.68,0.92,6.3,121.3,94.4
205,Markus Howard,DEN,G,22,16,7.2,15.1,27.7,8.4,8,0.875,16,0.25,46,0.391,0.5,0.527,4.3,0.3,2.4,0.3,6.7,0.38,0.0,0.38,4.0,96.8,104.4
206,Kevin Huerter,ATL,G-F,23,27,27.5,57.2,16.8,12.3,14,0.857,119,0.555,125,0.384,0.566,0.576,10.7,3.3,6.5,2.6,13.6,0.44,0.26,1.3,6.6,110.9,109.4
207,Jay Huff,LAL,C,24,1,8.1,16.9,5.3,0.0,0,0.0,0,0.0,1,0.0,0.0,0.0,0.0,2.0,13.0,1.0,14.6,0.0,0.0,0.0,0.0,98.8,114.8
208,Elijah Hughes,UTA,G,23,6,2.8,5.8,10.2,25.8,2,1.0,1,0.0,1,0.0,0.0,0.347,0.3,0.2,3.3,0.0,0.0,0.0,0.0,0.17,0.0,0.0,0.0
209,De'Andre Hunter,ATL,F-G,24,11,27.8,58.0,18.4,10.8,10,0.4,73,0.479,38,0.395,0.518,0.516,10.8,2.7,5.3,0.6,3.3,0.64,0.27,1.27,3.7,94.5,105.7
210,Chandler Hutchison,PHX,F-G,25,5,2.9,6.0,17.8,51.0,2,1.0,2,0.5,0,0.0,0.5,0.694,0.8,1.0,18.0,0.2,8.7,0.0,0.0,0.6,7.5,0.0,0.0
211,Bones Hyland,DEN,G,21,19,16.3,34.0,23.9,9.7,23,0.957,50,0.44,89,0.337,0.482,0.523,8.2,1.7,5.9,1.6,14.6,0.74,0.16,0.84,6.9,102.7,102.2
212,Serge Ibaka,LAC,F,32,11,14.0,29.2,16.0,10.6,8,0.625,27,0.333,20,0.4,0.447,0.465,4.3,3.1,11.6,1.2,11.9,0.18,0.27,0.55,7.2,104.2,95.8
213,Andre Iguodala,GSW,G-F,37,14,19.6,40.9,10.2,13.9,8,0.75,21,0.667,31,0.161,0.413,0.441,3.5,3.5,9.6,3.6,23.5,0.64,0.71,0.64,7.2,116.0,101.0
214,Joe Ingles,UTA,F-G,34,27,24.6,51.2,13.0,13.7,13,0.769,33,0.636,132,0.402,0.609,0.618,7.8,3.0,6.6,3.5,18.7,0.48,0.11,1.0,7.1,127.2,104.8
215,Brandon Ingram,NOP,F,24,23,35.3,73.5,29.6,11.9,121,0.826,331,0.48,111,0.36,0.495,0.543,23.4,6.3,9.6,4.9,24.8,0.57,0.39,2.91,10.2,106.9,110.2
216,Jaren Jackson Jr.,MEM,F-C,22,28,27.1,56.5,25.5,9.4,97,0.835,202,0.5,172,0.343,0.507,0.552,16.4,5.3,10.5,1.0,5.4,0.89,1.93,1.54,6.5,108.1,100.4
217,Frank Jackson,DET,G,23,26,22.0,45.8,20.4,8.8,42,0.833,83,0.518,146,0.336,0.509,0.541,10.3,1.3,3.3,0.8,6.6,0.5,0.23,0.92,4.0,103.1,110.8
218,Isaiah Jackson,IND,F,19,7,5.1,10.6,19.5,6.3,2,0.5,14,0.357,0,0.0,0.357,0.37,1.6,1.6,17.0,0.0,0.0,0.14,0.14,0.14,0.0,86.7,83.2
219,Josh Jackson,DET,G-F,24,23,18.1,37.8,18.1,13.1,33,0.697,76,0.5,62,0.29,0.471,0.502,6.7,3.1,9.3,1.6,14.2,0.43,0.43,1.0,7.1,98.7,104.5
220,Reggie Jackson,LAC,G,31,29,33.0,68.8,26.1,10.7,55,0.8,253,0.458,234,0.329,0.475,0.496,17.5,3.5,5.6,4.1,20.3,0.55,0.17,2.1,7.6,99.3,106.1
221,LeBron James,LAL,F,36,17,37.1,77.4,29.3,14.4,76,0.763,201,0.602,134,0.358,0.576,0.603,26.1,5.9,8.4,6.9,32.3,1.76,0.88,3.65,11.0,112.4,105.3
222,DeJon Jarreau,IND,G,23,1,0.9,1.9,0.0,0.0,0,0.0,0,0.0,0,0.0,0.0,0.0,0.0,0.0,0.0,0.0,0.0,0.0,0.0,0.0,0.0,0.0,0.0
223,Ty Jerome,OKC,G-F,24,22,13.6,28.4,21.9,8.6,29,0.828,55,0.545,71,0.282,0.476,0.519,6.5,1.0,3.9,1.2,14.7,0.64,0.14,0.59,5.8,104.8,105.3
224,Isaiah Joe,PHI,G,22,17,10.0,20.8,18.5,10.1,7,1.0,15,0.4,44,0.341,0.483,0.515,3.8,1.1,6.2,0.8,11.3,0.18,0.0,0.41,6.0,101.2,108.8
225,Alize Johnson,CHI,F,25,16,7.5,15.7,12.4,23.5,7,0.571,21,0.571,2,0.0,0.522,0.537,1.8,2.3,16.4,0.5,8.9,0.19,0.0,0.5,6.8,111.4,97.4
226,Cameron Johnson,PHX,F,25,27,24.3,50.7,17.1,7.3,35,0.771,82,0.439,143,0.406,0.547,0.568,10.1,3.7,7.8,1.3,7.1,0.81,0.26,0.7,6.0,110.1,102.0
227,David Johnson,TOR,G,20,2,1.0,2.1,21.5,0.0,0,0.0,0,0.0,1,0.0,0.0,0.0,0.0,0.0,0.0,0.0,0.0,0.0,0.0,0.0,0.0,0.0,0.0
228,James Johnson,BKN,F,34,18,18.2,37.9,12.8,11.4,14,0.429,63,0.524,16,0.313,0.513,0.511,4.8,3.9,11.5,1.9,14.8,0.5,0.39,0.61,7.2,111.5,96.0
229,Jalen Johnson,ATL,F,20,7,2.7,5.7,24.7,0.0,2,1.0,6,0.5,4,0.5,0.6,0.643,2.0,0.7,14.0,0.0,0.0,0.0,0.0,0.0,0.0,0.0,0.0
230,Keldon Johnson,SAS,F-G,22,26,30.7,63.9,20.3,8.7,83,0.651,231,0.485,79,0.443,0.531,0.553,14.7,6.1,10.5,1.8,8.4,0.85,0.15,1.27,7.1,107.9,107.4
231,Keon Johnson,LAC,G,19,5,4.6,9.6,20.2,9.4,6,0.833,6,0.333,1,0.0,0.286,0.467,1.8,0.6,6.8,0.4,11.9,0.2,0.0,0.2,6.6,103.6,91.7
232,Nikola Jokic,DEN,C,26,23,32.9,68.6,32.0,14.6,123,0.748,305,0.659,103,0.379,0.636,0.661,26.6,13.6,23.0,7.5,44.1,1.26,0.74,3.43,17.0,125.1,99.1
233,Derrick Jones Jr.,CHI,F,24,22,18.5,38.5,13.7,9.5,36,0.833,74,0.676,25,0.32,0.626,0.67,7.0,3.5,10.5,0.5,4.2,0.55,0.95,0.55,5.0,133.4,98.0
234,Damian Jones,SAC,C,26,13,8.7,18.2,12.7,14.7,16,0.625,20,0.6,2,0.5,0.614,0.637,2.8,2.8,17.1,0.6,9.6,0.08,0.31,0.38,7.7,131.3,100.6
235,Herbert Jones,NOP,F,23,27,27.1,56.5,12.2,14.3,32,0.781,135,0.489,30,0.333,0.491,0.522,6.9,3.3,6.5,1.8,9.4,1.37,0.89,1.11,5.1,105.1,104.2
236,Kai Jones,CHA,C-F,20,9,2.5,5.1,15.2,38.1,2,0.5,3,0.667,1,0.0,0.5,0.512,0.6,0.4,9.7,0.1,5.7,0.0,0.0,0.33,4.6,0.0,0.0
237,Tre Jones,SAS,G,21,25,11.4,23.7,16.5,13.7,13,1.0,81,0.519,8,0.125,0.489,0.528,4.0,1.6,7.6,1.8,22.0,0.36,0.0,0.6,7.9,109.4,107.6
238,Tyus Jones,MEM,G,25,29,20.8,43.3,15.3,11.0,25,0.88,114,0.509,70,0.4,0.543,0.569,7.7,2.6,6.8,4.2,28.0,0.93,0.07,0.83,8.4,124.2,112.4
239,DeAndre Jordan,LAL,C,33,23,13.3,27.6,13.6,18.7,12,0.583,73,0.671,0,0.0,0.671,0.671,4.6,5.8,23.2,0.3,3.8,0.35,0.91,0.78,6.0,121.4,92.6
240,Cory Joseph,DET,G,30,24,21.0,43.8,14.7,20.4,43,0.837,78,0.487,40,0.3,0.475,0.54,6.2,1.8,4.7,3.5,25.6,0.83,0.21,1.46,6.5,105.7,108.5
241,Georgios Kalaitzakis,MIL,F,22,9,5.3,11.1,17.0,21.1,9,0.444,7,0.429,4,0.5,0.545,0.535,1.8,0.9,8.8,0.0,0.0,0.11,0.11,0.44,0.0,93.1,94.9
242,Frank Kaminsky,PHX,F-C,28,9,20.1,41.9,19.1,6.3,20,0.9,51,0.608,15,0.333,0.583,0.635,10.6,4.6,11.6,1.4,10.7,0.89,0.78,0.56,8.1,130.1,98.6
243,Luke Kennard,LAC,G,25,29,28.6,59.7,15.7,8.4,20,0.95,90,0.411,175,0.451,0.587,0.603,11.4,3.5,6.4,2.0,10.3,0.72,0.07,0.86,6.0,115.7,105.1
244,Louis King,SAC,F,22,4,13.1,27.2,20.3,0.0,7,0.857,8,0.375,14,0.286,0.409,0.478,6.0,1.8,7.0,0.3,2.7,0.5,0.0,0.0,4.5,104.9,101.8
245,Corey Kispert,WAS,F,22,25,12.8,26.7,14.0,9.0,16,0.75,33,0.636,51,0.275,0.5,0.527,3.8,1.8,7.7,0.6,6.2,0.24,0.12,0.36,5.0,106.6,111.9
246,Maxi Kleber,DAL,F,29,19,23.2,48.3,13.3,8.4,23,0.739,32,0.594,78,0.359,0.555,0.579,7.3,5.4,12.6,0.9,5.5,0.37,0.84,0.58,5.7,117.8,101.6
247,Nathan Knight,MIN,F-C,24,11,3.8,8.0,16.9,17.5,14,0.786,7,0.714,1,0.0,0.625,0.742,1.9,1.2,16.2,0.3,10.3,0.09,0.18,0.27,9.3,0.0,0.0
248,Kevin Knox II,NYK,F,22,8,8.9,18.6,19.4,6.3,8,0.625,7,0.286,19,0.421,0.538,0.559,4.1,1.8,10.5,0.4,6.5,0.25,0.0,0.25,6.4,117.2,112.5
249,John Konchar,MEM,G,25,27,15.8,32.9,10.2,13.6,16,0.5,48,0.625,34,0.5,0.677,0.668,4.4,3.7,12.6,1.3,10.9,0.78,0.19,0.52,7.0,131.6,105.3
250,Furkan Korkmaz,PHI,G-F,24,27,22.2,46.3,19.6,9.3,28,0.821,93,0.484,129,0.295,0.459,0.484,8.4,2.9,7.1,2.4,16.3,0.63,0.15,0.89,7.0,99.5,111.7
251,Vit Krejci,OKC,G,21,3,3.1,6.4,18.3,25.8,2,1.0,0,0.0,2,0.0,0.0,0.347,0.7,1.0,16.7,0.0,0.0,0.0,0.0,0.33,0.0,0.0,0.0
252,Arnoldas Kulboka,CHA,F,23,1,2.7,5.6,0.0,0.0,0,0.0,0,0.0,0,0.0,0.0,0.0,0.0,0.0,0.0,0.0,0.0,0.0,0.0,0.0,0.0,0.0,0.0
253,Jonathan Kuminga,GSW,F,19,18,7.2,15.1,22.8,13.1,17,0.588,36,0.611,16,0.125,0.481,0.504,3.3,1.6,12.0,0.3,5.8,0.28,0.11,0.5,6.5,96.0,90.4
254,Kyle Kuzma,WAS,F,26,27,32.8,68.4,19.7,13.9,56,0.679,156,0.494,155,0.348,0.508,0.527,13.1,8.1,13.5,2.9,13.4,0.59,0.7,2.0,8.2,100.6,105.5
255,Jeremy Lamb,IND,G-F,29,23,13.4,28.0,21.7,7.8,37,0.946,58,0.379,67,0.358,0.464,0.534,6.6,2.4,10.0,1.1,11.7,0.48,0.3,0.52,7.7,111.5,103.4
256,Jock Landale,SAS,C,26,10,3.2,6.6,24.9,10.9,3,0.667,10,0.8,5,0.4,0.733,0.735,2.4,0.6,10.1,0.3,16.7,0.0,0.2,0.2,9.4,0.0,0.0
257,Romeo Langford,BOS,G-F,22,22,18.3,38.1,12.6,9.5,13,0.692,58,0.448,41,0.39,0.505,0.52,5.0,3.2,9.3,0.6,4.6,0.41,0.18,0.5,4.6,107.9,105.4
258,Zach LaVine,CHI,G-F,26,27,35.1,73.1,30.3,11.0,130,0.846,323,0.551,202,0.391,0.565,0.604,26.0,5.3,8.3,4.2,21.0,0.52,0.33,2.67,9.5,113.7,107.6
259,Jake Layman,MIN,F,27,10,4.6,9.5,13.7,13.3,0,0.0,7,0.286,6,0.333,0.385,0.385,1.0,0.7,8.0,0.1,3.0,0.1,0.1,0.2,3.6,76.3,110.5
260,Damion Lee,GSW,G-F,29,22,19.9,41.5,17.3,6.9,27,0.852,81,0.506,70,0.314,0.49,0.525,7.8,3.0,8.3,1.0,6.8,0.41,0.14,0.55,5.7,106.1,98.5
261,Saben Lee,DET,G,22,11,13.6,28.4,19.4,13.3,13,0.615,29,0.517,24,0.25,0.453,0.477,5.1,2.2,8.6,2.0,24.4,1.09,0.27,0.82,8.3,98.8,107.6
262,Alex Len,SAC,C,28,21,17.0,35.3,16.0,17.8,36,0.639,80,0.55,15,0.4,0.558,0.582,6.1,4.2,13.1,1.0,8.3,0.24,1.0,1.14,6.9,108.6,97.1
263,Caris LeVert,IND,G,27,22,28.7,59.7,26.2,9.2,47,0.809,222,0.482,101,0.307,0.475,0.502,15.7,2.7,5.2,3.3,18.4,0.91,0.5,1.59,7.2,102.0,107.5
264,Kira Lewis Jr.,NOP,G,20,24,14.2,29.6,22.2,14.7,12,0.833,88,0.523,58,0.224,0.449,0.466,5.9,1.6,6.0,2.0,22.9,0.46,0.04,1.08,7.5,94.4,112.2
265,Damian Lillard,POR,G,31,23,36.3,75.7,28.7,11.6,114,0.886,214,0.467,223,0.305,0.462,0.518,22.0,4.2,6.3,7.7,34.2,0.61,0.43,2.78,9.8,108.5,114.7
266,Nassir Little,POR,F-G,21,25,22.9,47.8,15.4,10.9,47,0.766,84,0.631,76,0.316,0.556,0.592,8.6,5.2,12.2,0.8,5.4,0.68,0.68,0.88,5.8,116.3,106.1
267,Kevon Looney,GSW,F,25,28,18.5,38.6,13.7,10.9,45,0.556,126,0.548,1,0.0,0.543,0.555,5.8,6.4,18.6,1.3,9.8,0.46,0.71,0.64,7.9,124.1,89.1
268,Brook Lopez,MIL,C,33,1,28.2,58.8,13.7,0.0,0,0.0,5,0.2,4,0.5,0.444,0.444,8.0,5.0,9.3,0.0,0.0,1.0,3.0,0.0,0.0,104.4,99.8
269,Robin Lopez,ORL,C,33,11,14.6,30.3,18.2,14.7,20,0.6,48,0.625,1,0.0,0.612,0.623,6.5,3.3,11.9,1.0,11.8,0.0,0.55,0.91,7.6,121.2,109.0
270,Didi Louzada,NOP,G,20,2,3.5,7.2,18.6,0.0,0,0.0,0,0.0,3,0.0,0.0,0.0,0.0,1.0,15.6,0.5,18.1,0.0,0.0,0.0,0.0,0.0,0.0
271,Kevin Love,CLE,F-C,33,22,19.8,41.3,24.4,10.7,56,0.964,78,0.449,114,0.412,0.549,0.612,12.0,7.1,19.7,1.9,15.0,0.23,0.27,1.18,11.0,119.6,97.7
272,Kyle Lowry,MIA,G,35,27,34.3,71.5,19.9,20.6,60,0.867,123,0.569,179,0.335,0.53,0.566,13.8,4.4,7.3,7.9,34.1,1.04,0.33,3.15,9.1,110.7,103.1
273,Timothe Luwawu-Cabarrot,ATL,G-F,26,21,11.7,24.3,14.8,6.0,9,0.889,26,0.385,48,0.375,0.5,0.526,3.9,1.4,6.4,0.6,6.6,0.29,0.14,0.24,5.1,110.3,104.1
274,Trey Lyles,DET,F,26,26,16.3,33.9,20.5,11.4,54,0.796,87,0.517,68,0.309,0.494,0.548,7.5,4.1,13.6,0.7,7.7,0.23,0.15,0.88,6.8,108.9,105.7
275,Theo Maledon,OKC,G,20,15,11.5,24.0,16.5,22.9,15,0.867,17,0.412,27,0.111,0.261,0.356,2.4,1.6,7.1,1.0,12.4,0.33,0.13,1.0,5.4,72.7,107.7
276,Sandro Mamukelashvili,MIL,F-C,22,15,9.2,19.1,12.9,7.3,3,0.667,23,0.478,14,0.357,0.5,0.509,2.6,2.2,12.6,0.5,7.1,0.07,0.07,0.2,6.2,121.0,107.6
277,Terance Mann,LAC,G-F,25,28,28.2,58.7,15.0,11.8,52,0.788,139,0.532,77,0.364,0.537,0.571,9.8,5.5,10.3,2.3,11.8,0.61,0.07,1.14,7.1,116.5,100.9
278,Tre Mann,OKC,G,20,19,16.4,34.1,21.0,8.6,20,0.7,78,0.449,51,0.373,0.492,0.512,7.4,1.8,5.8,0.5,5.0,0.58,0.26,0.68,4.6,97.7,103.9
279,Boban Marjanovic,DAL,C,33,14,6.1,12.6,33.1,14.3,13,0.462,45,0.667,3,0.333,0.656,0.642,4.9,1.9,17.2,0.1,5.4,0.0,0.14,0.64,6.4,103.9,89.6
280,Lauri Markkanen,CLE,F-C,24,21,30.2,63.0,19.6,5.6,42,0.833,111,0.514,138,0.348,0.518,0.548,14.0,5.2,9.4,1.3,6.5,0.81,0.43,0.76,6.0,111.4,102.6
281,Naji Marshall,NOP,F,23,19,11.0,22.9,19.0,20.5,29,0.862,37,0.432,24,0.125,0.336,0.447,3.5,2.8,13.9,1.1,13.5,0.42,0.16,1.0,8.0,91.0,103.8
282,Kenyon Martin Jr.,HOU,F,20,27,16.7,34.8,16.8,6.7,41,0.585,108,0.63,41,0.293,0.577,0.587,7.3,3.1,10.1,1.1,10.4,0.41,0.44,0.44,7.0,119.1,108.8
283,Caleb Martin,MIA,F,26,23,19.6,40.8,16.2,7.9,36,0.639,82,0.561,53,0.377,0.563,0.58,7.6,3.2,9.2,1.0,7.4,0.87,0.57,0.57,5.9,116.7,102.0
284,Cody Martin,CHA,F,26,28,27.6,57.5,12.9,9.4,46,0.739,126,0.5,66,0.5,0.586,0.61,9.3,4.5,8.7,2.6,12.3,1.36,0.54,0.79,6.9,127.4,112.0
285,Kelan Martin,IND,F,26,23,17.6,36.7,18.5,8.1,11,0.636,88,0.534,65,0.292,0.493,0.501,6.9,2.0,6.3,0.9,7.3,0.48,0.35,0.61,5.3,101.6,106.1
286,Garrison Mathews,HOU,G,25,15,28.6,59.6,14.6,2.7,37,0.784,19,0.789,109,0.367,0.586,0.62,11.9,3.3,6.1,0.5,2.8,0.73,0.47,0.27,3.8,125.9,106.7
287,Wesley Matthews,MIL,G,35,4,14.0,29.2,10.6,14.4,2,0.0,3,0.667,8,0.25,0.455,0.421,2.5,1.3,4.7,0.3,2.3,0.5,0.25,0.5,2.8,78.9,101.0
288,Tyrese Maxey,PHI,G,21,28,34.6,72.1,21.3,8.3,96,0.875,286,0.514,89,0.371,0.524,0.572,17.0,3.5,5.6,4.7,21.9,0.71,0.61,1.36,7.6,116.7,109.2
289,Skylar Mays,ATL,G,24,7,2.7,5.7,20.9,21.7,5,1.0,3,1.0,2,0.5,0.9,0.972,2.0,0.3,5.6,0.1,8.0,0.0,0.0,0.29,5.8,0.0,0.0
290,Miles McBride,NYK,G,21,9,3.7,7.8,26.1,0.0,2,1.0,9,0.333,10,0.2,0.316,0.352,1.6,0.7,9.6,0.3,14.1,0.22,0.11,0.0,7.5,0.0,0.0
291,CJ McCollum,POR,G,30,24,35.3,73.6,26.7,8.9,50,0.7,255,0.447,196,0.393,0.509,0.522,20.6,4.1,6.3,4.5,21.3,1.08,0.71,1.92,8.2,106.6,111.5
292,T.J. McConnell,IND,G,29,24,24.2,50.4,16.2,13.0,15,0.8,156,0.538,25,0.28,0.522,0.536,8.4,3.3,7.6,4.8,29.0,1.04,0.38,1.17,8.4,116.5,105.1
293,Jalen McDaniels,CHA,F-C,23,23,15.8,33.0,13.8,12.7,28,0.607,41,0.634,50,0.44,0.648,0.653,5.9,3.6,12.0,1.0,8.1,0.39,0.35,0.65,7.0,121.5,105.4
294,Jaden McDaniels,MIN,F,21,25,25.0,52.1,13.0,11.8,14,0.714,89,0.472,77,0.273,0.443,0.456,6.3,4.4,9.3,0.8,4.5,1.0,0.52,0.92,4.5,95.7,98.4
295,Doug McDermott,SAS,F,29,20,24.9,52.0,17.5,6.4,13,0.769,84,0.524,101,0.406,0.57,0.579,11.1,2.3,4.9,1.3,7.3,0.2,0.05,0.65,5.2,112.0,111.0
296,JaVale McGee,PHX,C-F,33,27,16.0,33.3,25.5,16.5,57,0.667,183,0.65,4,0.25,0.644,0.658,10.3,7.5,24.0,0.6,6.2,0.26,0.81,1.56,9.0,118.9,87.3
297,Rodney McGruder,DET,G,30,10,6.7,14.0,15.3,12.6,2,1.0,10,0.6,10,0.2,0.45,0.479,2.0,1.3,10.4,0.6,14.4,0.0,0.1,0.3,6.9,103.6,111.1
298,Alfonzo McKinnie,CHI,F,29,1,29.0,60.4,10.6,14.3,0,0.0,3,0.0,3,0.667,0.5,0.5,6.0,0.0,0.0,1.0,4.5,0.0,1.0,1.0,0.0,89.9,109.9
299,JaQuori McLaughlin,DAL,G,23,2,2.8,5.7,8.1,0.0,0,0.0,1,0.0,0,0.0,0.0,0.0,0.0,0.0,0.0,1.0,45.3,0.0,0.0,0.0,0.0,0.0,0.0
300,Jordan McLaughlin,MIN,G,25,18,10.9,22.8,12.9,19.7,11,0.818,24,0.375,20,0.2,0.341,0.399,2.2,0.9,4.5,2.1,25.9,0.61,0.0,0.67,5.9,96.6,111.7
301,Ben McLemore,POR,G,28,14,11.9,24.9,18.5,11.3,7,0.857,9,0.556,51,0.412,0.608,0.626,5.6,0.9,4.2,0.7,9.1,0.29,0.0,0.57,5.1,115.7,110.1
302,De'Anthony Melton,MEM,G,23,26,24.3,50.6,19.6,14.2,29,0.724,110,0.482,130,0.346,0.502,0.518,10.1,4.0,8.9,2.6,15.2,1.58,0.62,1.62,7.8,102.7,105.5
303,Sam Merrill,MEM,G,25,6,9.6,20.1,20.2,7.2,4,0.5,1,1.0,23,0.304,0.479,0.485,4.2,1.2,6.5,0.7,9.5,0.0,0.0,0.33,6.3,101.7,112.1
304,Chimezie Metu,SAC,F-C,24,16,22.2,46.3,18.3,11.0,17,0.706,68,0.544,62,0.274,0.481,0.498,8.6,6.3,14.9,0.9,6.1,0.75,0.88,1.06,6.6,98.5,106.5
305,Khris Middleton,MIL,F,30,21,30.9,64.5,27.3,15.7,82,0.878,181,0.453,131,0.351,0.484,0.537,17.8,5.7,9.7,4.9,24.8,1.14,0.14,3.1,10.3,104.0,102.5
306,Paul Millsap,BKN,F,36,21,11.2,23.3,17.4,10.7,17,0.706,51,0.412,25,0.24,0.395,0.431,3.4,3.7,17.4,1.0,12.4,0.24,0.33,0.48,8.3,102.6,88.4
307,Patty Mills,BKN,G,33,28,29.6,61.7,17.3,7.9,24,0.875,93,0.452,199,0.447,0.601,0.615,13.3,1.8,3.2,2.4,11.7,0.61,0.25,0.93,5.2,117.2,109.4
308,Shake Milton,PHI,G-F,25,24,25.1,52.3,20.8,9.8,46,0.87,158,0.506,70,0.314,0.496,0.536,11.1,3.0,6.6,3.0,18.8,0.71,0.38,1.13,7.4,108.7,107.3
309,Davion Mitchell,SAC,G,23,29,25.7,53.4,18.7,9.4,30,0.667,171,0.456,114,0.307,0.458,0.471,9.7,2.6,5.2,3.6,20.3,0.72,0.21,1.07,7.0,103.1,109.4
310,Donovan Mitchell,UTA,G,25,26,32.4,67.5,33.1,12.2,93,0.882,281,0.555,240,0.35,0.541,0.575,24.8,3.7,6.2,5.0,26.7,1.69,0.19,3.0,9.5,113.7,102.2
311,Evan Mobley,CLE,C,20,25,33.6,70.0,18.9,11.3,75,0.773,246,0.496,42,0.333,0.497,0.536,13.8,8.4,13.6,2.5,11.3,0.92,1.84,1.64,7.9,108.3,99.6
312,Malik Monk,LAL,G,23,28,23.8,49.6,17.7,13.1,25,0.8,95,0.568,133,0.361,0.553,0.569,9.7,2.8,6.1,2.2,13.4,0.71,0.25,1.29,6.6,107.0,107.0
313,Moses Moody,GSW,G,19,18,5.3,11.0,14.0,3.2,2,0.5,14,0.643,15,0.133,0.414,0.418,1.4,0.6,6.2,0.2,4.3,0.06,0.11,0.06,4.2,89.6,103.7
314,Ja Morant,MEM,G,22,19,32.6,67.9,31.7,12.9,112,0.777,270,0.515,87,0.356,0.52,0.564,24.1,5.6,9.2,6.8,35.3,1.58,0.26,3.16,11.9,113.5,109.5
315,Marcus Morris Sr.,LAC,F,32,13,29.7,61.8,20.9,9.7,22,0.773,87,0.483,70,0.371,0.516,0.537,13.8,4.8,8.4,1.9,10.1,0.54,0.31,1.38,6.7,102.8,102.1
316,Markieff Morris,MIA,F,32,10,18.7,39.0,20.0,14.3,5,1.0,48,0.5,22,0.364,0.514,0.533,7.7,2.8,8.4,1.4,11.7,0.3,0.1,1.2,6.7,104.4,100.2
317,Monte Morris,DEN,G,26,28,30.3,63.2,18.8,10.7,18,0.722,188,0.559,122,0.369,0.556,0.563,12.8,2.7,5.0,4.3,21.7,0.75,0.18,1.36,7.0,111.3,110.3
318,Mychal Mulder,ORL,G,27,13,11.0,23.0,17.3,6.9,2,1.0,17,0.294,36,0.306,0.406,0.418,3.5,1.2,5.5,0.1,1.1,0.23,0.08,0.31,2.7,82.1,111.8
319,Trey Murphy III,NOP,F,21,28,13.7,28.6,14.3,7.8,12,0.833,30,0.333,83,0.373,0.5,0.52,4.4,2.2,8.6,0.5,5.6,0.32,0.14,0.36,4.9,108.6,108.4
320,Dejounte Murray,SAS,G,25,27,34.3,71.5,25.3,12.1,57,0.702,347,0.473,109,0.339,0.481,0.498,17.7,8.3,12.8,8.4,36.3,1.93,0.37,2.44,12.5,106.2,103.8
321,Mike Muscala,OKC,F-C,30,21,14.0,29.2,21.3,6.2,36,0.833,41,0.512,79,0.443,0.613,0.652,8.4,3.2,11.7,0.5,6.6,0.33,0.52,0.43,6.8,126.0,103.5
322,Svi Mykhailiuk,TOR,G-F,24,28,17.9,37.3,16.8,11.2,24,0.875,72,0.542,91,0.33,0.515,0.544,6.8,2.5,7.6,1.1,9.2,0.71,0.11,0.79,5.9,109.6,106.5
323,Abdel Nader,PHX,F,28,14,10.4,21.6,15.1,21.8,10,0.6,21,0.381,14,0.286,0.4,0.431,2.4,1.9,9.6,0.5,6.1,0.57,0.29,0.79,5.1,78.2,91.7
324,Larry Nance Jr.,POR,F-C,28,29,21.2,44.1,13.0,13.1,38,0.579,96,0.635,47,0.277,0.563,0.573,6.3,5.3,13.7,1.7,11.5,0.93,0.34,0.83,7.3,118.7,107.0
325,RJ Nembhard Jr.,CLE,G,22,2,1.7,3.4,13.3,0.0,0,0.0,1,1.0,0,0.0,1.0,1.0,1.0,0.5,16.5,0.5,59.1,0.0,0.0,0.0,14.8,0.0,0.0
326,Aaron Nesmith,BOS,G-F,22,23,9.6,20.0,17.1,13.9,5,0.8,23,0.565,49,0.245,0.431,0.445,2.9,1.5,8.2,0.4,5.9,0.3,0.04,0.52,5.0,86.2,97.3
327,Raul Neto,WAS,G,29,28,19.8,41.2,19.4,14.1,44,0.727,140,0.514,47,0.255,0.481,0.514,7.6,2.0,5.5,2.5,19.3,0.75,0.04,1.21,6.8,100.2,106.6
328,Georges Niang,PHI,F,28,28,23.6,49.2,18.9,8.4,31,0.871,96,0.531,142,0.38,0.555,0.578,10.4,2.5,5.8,1.5,9.6,0.57,0.29,0.82,5.7,110.1,104.6
329,Daishen Nix,HOU,G,19,1,1.9,4.0,0.0,0.0,0,0.0,0,0.0,0,0.0,0.0,0.0,0.0,0.0,0.0,1.0,66.4,0.0,0.0,0.0,0.0,0.0,0.0
330,Zeke Nnaji,DEN,F-C,20,16,14.8,30.8,16.7,6.8,23,0.652,36,0.444,36,0.528,0.618,0.633,6.5,3.4,12.9,0.4,3.7,0.19,0.38,0.38,5.6,125.6,102.5
331,Nerlens Noel,NYK,C-F,27,14,23.4,48.7,8.1,21.7,16,0.813,38,0.526,2,0.0,0.5,0.563,3.8,6.0,13.7,0.8,4.7,1.07,1.29,0.93,4.5,118.1,100.8
332,Jaylen Nowell,MIN,G,22,14,6.9,14.3,22.4,3.9,4,0.5,34,0.412,14,0.286,0.417,0.422,3.0,0.9,6.5,1.1,25.0,0.21,0.29,0.14,8.3,102.0,109.2
333,Frank Ntilikina,DAL,G,23,21,11.9,24.7,17.8,11.1,12,1.0,38,0.368,45,0.333,0.44,0.481,4.0,1.5,6.9,1.2,14.6,0.62,0.14,0.52,6.5,99.3,101.5
334,Jusuf Nurkic,POR,C,27,29,25.4,52.9,21.9,16.2,117,0.744,236,0.606,23,0.217,0.581,0.625,13.4,10.3,21.9,2.4,15.2,1.1,0.52,2.07,10.9,118.9,98.0
335,David Nwaba,HOU,G-F,28,20,11.6,24.2,16.4,11.1,23,0.652,52,0.577,18,0.167,0.493,0.524,4.2,3.2,14.8,0.7,8.6,0.6,0.25,0.5,7.3,107.1,101.3
336,Jordan Nwora,MIL,F,23,24,17.1,35.6,20.0,14.1,13,0.846,78,0.449,81,0.333,0.475,0.492,6.8,3.2,9.7,1.0,8.9,0.33,0.42,1.13,6.5,93.4,105.6
337,Semi Ojeleye,MIL,F,27,11,19.8,41.3,10.7,9.2,5,0.6,19,0.316,28,0.214,0.319,0.335,3.0,3.6,9.6,0.4,2.3,0.36,0.45,0.45,3.3,90.3,104.8
338,Chuma Okeke,ORL,F,23,23,21.2,44.2,17.0,11.9,29,0.862,81,0.469,77,0.208,0.392,0.436,6.5,4.0,9.9,1.2,8.7,0.78,0.35,1.0,5.9,89.2,109.5
339,Josh Okogie,MIN,G,23,19,13.9,29.0,10.5,13.5,22,0.5,28,0.393,20,0.25,0.385,0.416,2.5,2.2,8.3,0.9,8.6,0.63,0.26,0.47,4.9,98.5,104.4
340,Isaac Okoro,CLE,F-G,20,23,28.8,60.0,14.8,11.2,46,0.761,105,0.543,73,0.301,0.506,0.542,9.3,4.0,7.6,1.7,8.7,0.87,0.26,1.09,5.5,110.3,100.8
341,KZ Okpala,MIA,F-G,22,16,10.2,21.3,13.2,6.2,8,0.75,20,0.5,22,0.273,0.452,0.483,2.8,1.9,10.7,0.6,8.6,0.19,0.31,0.19,5.8,109.5,98.8
342,Kelly Olynyk,DET,F-C,30,10,23.0,47.9,24.0,11.7,35,0.6,57,0.544,41,0.341,0.531,0.551,12.5,5.3,12.4,2.3,18.3,1.4,0.7,1.5,9.3,107.8,99.3
343,Eugene Omoruyi,DAL,F,24,4,4.5,9.3,17.0,0.0,4,0.5,3,0.333,2,0.5,0.5,0.518,1.8,1.8,21.2,0.5,16.3,0.0,0.0,0.0,10.4,130.4,97.4
344,Royce O'Neale,UTA,F,28,25,30.8,64.2,10.1,15.7,19,0.684,45,0.711,97,0.402,0.637,0.645,7.8,5.0,8.8,2.4,10.0,1.52,0.68,1.12,5.9,125.4,101.4
345,Miye Oni,UTA,G-F,24,14,2.9,6.1,9.0,11.8,1,0.0,1,1.0,6,0.167,0.357,0.336,0.4,0.4,6.7,0.4,14.9,0.0,0.0,0.07,5.5,0.0,0.0
346,Cedi Osman,CLE,F,26,24,21.9,45.5,20.5,9.4,37,0.676,71,0.535,135,0.4,0.578,0.592,11.0,2.5,6.1,1.8,12.5,1.04,0.33,0.96,6.7,112.9,99.1
347,Kelly Oubre Jr.,CHA,F-G,26,30,29.1,60.6,22.5,6.9,62,0.629,174,0.557,228,0.386,0.57,0.579,16.6,4.1,7.5,1.4,7.0,1.07,0.37,1.07,6.3,112.7,110.3
348,Kevin Pangos,CLE,G,28,11,4.2,8.7,13.3,28.8,2,0.5,4,0.5,5,0.4,0.556,0.557,1.0,0.2,2.4,0.6,21.0,0.09,0.0,0.36,4.7,99.4,100.2
349,Jabari Parker,BOS,F,26,9,9.3,19.5,18.5,14.1,8,1.0,18,0.5,9,0.556,0.611,0.672,4.6,2.2,12.7,0.4,7.5,0.33,0.11,0.56,6.9,122.0,95.6
350,Eric Paschall,UTA,F,25,23,10.6,22.1,14.7,14.6,19,0.684,22,0.636,40,0.3,0.516,0.547,3.3,1.8,9.2,0.6,7.5,0.13,0.13,0.52,5.8,110.8,104.5
351,Chris Paul,PHX,G,36,27,32.7,68.1,20.1,15.6,99,0.818,224,0.522,78,0.333,0.517,0.569,14.6,4.0,6.3,10.3,44.1,2.04,0.33,2.37,10.3,120.5,100.4
352,Cameron Payne,PHX,G,27,22,19.6,40.7,27.8,14.1,48,0.833,140,0.421,76,0.316,0.44,0.485,10.5,3.0,7.8,3.2,23.9,0.55,0.32,1.77,9.5,96.5,99.4
353,Gary Payton II,GSW,G,29,27,14.2,29.5,14.5,10.1,29,0.655,67,0.806,36,0.417,0.743,0.743,6.4,2.9,11.1,0.7,7.5,1.22,0.26,0.48,6.6,139.3,89.7
354,Elfrid Payton,PHX,G,27,13,11.7,24.4,20.0,15.6,10,0.5,51,0.412,4,0.25,0.409,0.421,3.8,2.1,9.1,2.3,27.0,0.38,0.15,0.85,9.0,95.4,101.9
355,Jamorko Pickett,DET,F,23,3,2.9,6.0,10.0,50.0,0,0.0,0,0.0,1,1.0,1.5,1.5,1.0,0.0,0.0,0.0,0.0,0.0,0.0,0.33,0.0,0.0,0.0
356,Mason Plumlee,CHA,F-C,31,21,26.0,54.1,11.9,17.7,54,0.352,102,0.598,0,0.0,0.598,0.561,6.7,7.2,14.8,2.8,14.0,0.86,0.95,1.29,7.9,118.3,105.2
357,Jakob Poeltl,SAS,C,26,20,28.7,59.7,17.6,13.6,52,0.365,181,0.624,0,0.0,0.624,0.601,12.3,8.8,16.2,2.6,13.1,0.5,1.55,1.6,9.1,121.3,102.5
358,Aleksej Pokusevski,OKC,C,19,26,14.8,30.9,20.2,16.6,12,0.5,80,0.45,65,0.2,0.383,0.389,4.5,4.3,14.8,1.2,13.2,0.5,0.5,1.15,7.7,80.7,102.6
359,Yves Pons,MEM,F,22,3,3.8,7.8,11.2,0.0,0,0.0,2,0.0,1,1.0,0.5,0.5,1.0,1.0,14.2,0.0,0.0,0.0,0.0,0.0,0.0,0.0,0.0
360,Jordan Poole,GSW,G,22,28,30.7,64.0,25.1,13.8,88,0.909,172,0.576,219,0.338,0.537,0.582,17.9,3.4,6.0,3.4,17.4,1.04,0.21,2.46,7.7,107.9,96.4
361,Kevin Porter Jr.,HOU,G-F,21,19,30.2,63.0,25.0,22.4,70,0.629,122,0.402,110,0.309,0.431,0.464,12.8,4.5,7.9,5.8,29.6,1.32,0.32,4.0,9.2,89.1,107.5
362,Michael Porter Jr.,DEN,F,23,9,29.5,61.4,20.1,10.1,9,0.556,55,0.491,48,0.208,0.408,0.416,9.9,6.6,12.4,1.9,9.3,1.11,0.22,1.33,6.8,85.7,105.3
363,Otto Porter Jr.,GSW,F,28,24,19.6,40.8,15.1,8.5,19,0.789,45,0.533,97,0.402,0.581,0.599,7.5,4.7,12.9,1.0,7.2,0.79,0.29,0.58,6.7,117.6,95.9
364,Bobby Portis,MIL,F,26,25,28.4,59.3,23.0,10.5,58,0.793,198,0.515,117,0.402,0.548,0.574,15.6,9.0,16.7,1.4,7.8,0.92,1.0,1.6,8.2,114.8,99.0
365,Kristaps Porzingis,DAL,F-C,26,21,30.2,62.9,28.6,7.4,91,0.89,218,0.528,118,0.288,0.494,0.549,19.7,8.1,14.5,2.0,11.9,0.71,1.62,1.43,9.1,112.8,101.5
366,Dwight Powell,DAL,F-C,30,28,19.2,39.9,11.7,13.6,43,0.698,82,0.622,20,0.35,0.603,0.633,5.5,4.4,12.4,1.1,8.1,0.43,0.5,0.68,6.2,130.3,98.7
367,Norman Powell,POR,G,28,25,31.4,65.4,22.8,8.8,114,0.825,200,0.505,124,0.403,0.543,0.596,17.8,2.7,4.7,1.9,9.8,0.92,0.4,1.44,5.7,115.0,111.0
368,Joshua Primo,SAS,G,18,8,7.4,15.4,7.9,0.0,0,0.0,3,0.667,8,0.5,0.727,0.727,2.0,0.8,5.3,0.5,8.6,0.38,0.5,0.0,5.0,152.8,106.7
369,Taurean Prince,MIN,F,27,24,15.4,32.1,13.9,10.5,21,0.762,33,0.485,68,0.309,0.47,0.503,4.6,2.1,7.1,0.8,7.2,0.42,0.21,0.54,5.1,104.0,105.0
370,Payton Pritchard,BOS,G,23,22,9.2,19.1,18.5,15.3,5,1.0,23,0.174,47,0.319,0.379,0.402,2.6,1.1,6.6,1.4,21.7,0.05,0.09,0.59,6.9,90.6,106.9
371,Immanuel Quickley,NYK,G,22,28,21.5,44.7,20.9,9.8,48,0.938,93,0.473,143,0.322,0.479,0.527,9.7,2.3,5.8,2.5,18.4,0.64,0.04,1.0,7.1,109.6,105.3
372,Jahmi'us Ramsey,SAC,G,20,7,6.6,13.8,14.3,0.0,4,0.5,8,0.5,6,0.167,0.393,0.412,1.9,0.0,0.0,0.3,5.8,0.0,0.14,0.0,0.0,93.6,115.3
373,Julius Randle,NYK,F-C,27,28,35.4,73.7,27.3,15.7,135,0.77,309,0.469,149,0.342,0.484,0.529,19.5,9.9,14.9,5.2,25.2,0.75,0.68,3.43,11.3,104.6,103.5
374,Austin Reaves,LAL,G,23,17,19.7,41.1,11.2,13.7,17,0.882,27,0.667,41,0.39,0.618,0.656,5.8,2.5,6.6,1.1,7.2,0.24,0.12,0.71,5.1,119.8,105.0
375,Cam Reddish,ATL,F-G,22,24,22.6,47.1,22.2,10.5,54,0.907,120,0.433,104,0.375,0.493,0.545,11.3,2.7,6.3,0.9,5.9,1.08,0.21,1.21,5.3,106.2,109.2
376,Davon Reed,DEN,G,26,6,16.5,34.4,9.9,9.1,2,1.0,11,0.364,8,0.375,0.447,0.478,3.2,3.8,12.9,1.3,10.6,1.5,0.17,0.33,6.1,106.7,100.0
377,Paul Reed,PHI,F,22,15,9.4,19.7,13.8,14.0,0,0.0,33,0.545,4,0.0,0.486,0.486,2.4,2.5,14.8,0.5,8.3,0.6,0.6,0.4,6.1,108.3,95.2
378,Naz Reid,MIN,C-F,22,26,16.0,33.3,23.3,10.7,56,0.714,118,0.517,65,0.354,0.522,0.556,8.9,3.4,11.1,0.7,7.1,0.5,0.88,0.96,6.9,109.9,97.9
379,Nick Richards,CHA,C,24,24,9.0,18.7,14.2,18.1,18,0.833,51,0.686,0,0.0,0.686,0.721,3.5,2.0,11.9,0.3,4.5,0.17,0.54,0.54,5.7,128.6,102.9
380,Josh Richardson,BOS,G,28,20,24.4,50.8,16.4,7.7,34,0.824,88,0.545,65,0.354,0.539,0.575,9.7,2.8,6.1,1.3,8.1,0.6,0.45,0.7,5.4,115.2,105.5
381,Austin Rivers,DEN,G,29,18,17.5,36.4,12.9,11.0,6,0.5,30,0.467,48,0.271,0.429,0.434,3.9,1.4,4.6,0.8,6.0,0.5,0.11,0.56,3.7,88.0,108.3
382,Duncan Robinson,MIA,F,27,29,28.4,59.2,18.2,6.8,26,0.769,53,0.566,249,0.337,0.517,0.53,11.4,3.6,7.1,1.4,7.6,0.76,0.24,0.79,5.4,105.8,100.6
383,Jeremiah Robinson-Earl,OKC,F,21,27,21.9,45.5,15.0,11.3,25,0.72,83,0.494,87,0.333,0.497,0.517,6.9,5.7,13.4,0.8,5.8,0.48,0.26,0.85,5.8,105.3,105.7
384,Justin Robinson,MIL,G,24,17,11.6,24.2,14.9,16.0,2,1.0,20,0.4,37,0.27,0.404,0.415,2.8,0.8,3.5,1.2,14.2,0.47,0.0,0.65,4.8,87.1,103.5
385,Mitchell Robinson,NYK,C-F,23,25,24.0,50.1,9.4,10.9,52,0.635,91,0.736,0,0.0,0.736,0.733,6.7,7.5,16.7,0.6,3.7,0.4,1.68,0.56,5.2,150.7,101.6
386,Isaiah Roby,OKC,F,23,13,12.6,26.3,20.7,11.5,17,0.824,47,0.574,15,0.333,0.556,0.597,6.4,2.7,10.9,0.8,10.8,0.23,0.38,0.69,7.6,116.4,105.1
387,Rajon Rondo,LAL,G,35,14,14.9,31.0,17.7,26.7,0,0.0,38,0.342,25,0.28,0.373,0.373,3.4,2.4,8.6,3.6,32.0,0.79,0.21,1.64,8.3,84.9,101.1
388,Derrick Rose,NYK,G,33,25,24.9,52.0,22.9,12.0,31,0.968,181,0.47,91,0.407,0.517,0.544,12.4,3.1,6.6,4.1,27.8,0.88,0.48,1.56,8.7,112.0,113.6
389,Terrence Ross,ORL,G-F,30,28,25.5,53.2,20.5,13.2,75,0.853,133,0.496,131,0.29,0.466,0.522,11.1,2.4,5.0,2.2,13.9,0.61,0.21,1.61,6.1,100.5,113.4
390,Terry Rozier,CHA,G,27,21,32.6,67.9,22.7,7.9,50,0.84,162,0.512,153,0.353,0.521,0.549,17.6,3.4,5.6,3.6,16.1,1.24,0.52,1.38,7.4,111.0,115.7
391,Ricky Rubio,CLE,G,31,30,28.3,59.1,24.1,16.9,92,0.848,199,0.372,150,0.34,0.431,0.487,12.6,3.9,7.4,6.5,34.1,1.27,0.13,2.63,9.7,101.6,98.9
392,D'Angelo Russell,MIN,G,25,23,32.8,68.3,26.6,12.4,84,0.81,183,0.448,202,0.332,0.474,0.513,18.8,4.1,6.5,6.4,31.8,0.87,0.7,2.61,9.6,107.3,108.7
393,Domantas Sabonis,IND,F-C,25,30,34.2,71.2,21.8,17.6,144,0.757,285,0.667,74,0.297,0.621,0.657,18.5,11.9,19.2,4.1,19.0,1.13,0.37,3.0,11.3,122.7,99.4
394,Tomas Satoransky,NOP,G,30,25,15.0,31.3,11.8,17.3,18,0.778,57,0.386,21,0.143,0.34,0.39,2.7,2.0,7.2,2.0,18.1,0.32,0.0,0.72,5.9,93.8,109.7
395,Dennis Schroder,BOS,G,28,27,33.1,69.0,24.1,14.0,96,0.896,256,0.488,125,0.336,0.493,0.546,17.1,3.6,5.7,4.8,23.6,0.89,0.07,2.56,8.0,106.9,105.9
396,Jay Scrubb,LAC,G,21,8,6.6,13.6,26.6,9.4,2,0.5,14,0.5,14,0.286,0.464,0.467,3.4,0.5,4.0,0.5,12.6,0.25,0.25,0.38,5.7,89.1,105.0
397,Wayne Selden,NYK,G,27,1,1.0,2.1,0.0,0.0,0,0.0,0,0.0,0,0.0,0.0,0.0,0.0,0.0,0.0,0.0,0.0,0.0,0.0,0.0,0.0,0.0,0.0
398,Alperen Sengun,HOU,C,19,27,18.5,38.6,22.4,17.7,100,0.72,142,0.542,32,0.313,0.529,0.587,9.5,4.8,13.8,2.7,23.9,1.07,0.74,1.74,10.8,114.1,95.5
399,Collin Sexton,CLE,G,22,11,28.8,59.9,27.6,15.6,39,0.744,106,0.538,45,0.244,0.487,0.523,16.0,3.3,6.2,2.1,12.1,0.91,0.0,2.82,6.7,95.5,101.4
400,Landry Shamet,PHX,G,24,26,20.4,42.5,16.9,6.8,33,0.848,62,0.339,116,0.379,0.489,0.525,7.8,2.4,6.1,1.7,11.1,0.27,0.08,0.54,6.2,108.2,104.4
401,Day'Ron Sharpe,BKN,F,20,9,5.4,11.3,28.6,25.0,9,0.333,17,0.647,3,0.333,0.625,0.584,3.1,2.7,26.1,0.0,0.0,0.22,0.33,0.89,0.0,98.5,93.5
402,Pascal Siakam,TOR,F,27,17,34.4,71.8,24.7,11.0,77,0.74,206,0.519,60,0.3,0.504,0.542,19.1,7.6,11.9,3.7,17.4,0.65,0.82,2.18,9.5,111.1,103.4
403,Marko Simonovic,CHI,C,22,3,4.1,8.5,27.7,12.9,4,0.75,2,0.0,3,0.0,0.0,0.222,1.0,0.7,8.9,0.0,0.0,0.0,0.0,0.33,0.0,53.3,115.3
404,Anfernee Simons,POR,G,22,25,24.0,50.0,22.2,8.8,27,0.926,125,0.504,142,0.394,0.551,0.572,12.8,2.7,6.0,2.1,14.3,0.4,0.16,1.08,7.0,112.3,110.7
405,Jericho Sims,NYK,C,23,9,6.4,13.4,5.2,29.6,4,0.75,3,1.0,0,0.0,1.0,0.945,1.0,1.7,13.8,0.1,2.4,0.22,0.44,0.22,3.5,143.3,104.5
406,Javonte Smart,MIL,G,22,7,11.5,24.0,15.2,14.0,6,0.833,11,0.455,11,0.364,0.5,0.548,3.9,2.0,9.1,0.9,10.3,0.29,0.0,0.57,6.7,110.7,103.7
407,Marcus Smart,BOS,G,27,27,34.2,71.2,16.6,14.6,66,0.758,142,0.472,128,0.273,0.443,0.483,10.7,3.9,6.1,5.6,23.5,2.11,0.26,1.89,7.2,103.3,103.7
408,Dennis Smith Jr.,POR,G,24,16,17.4,36.2,18.8,23.4,27,0.704,62,0.468,18,0.278,0.456,0.501,5.8,2.3,7.0,3.1,25.9,1.31,0.38,1.75,7.9,96.5,105.7
409,Ish Smith,CHA,G,33,18,13.6,28.4,20.0,13.9,8,0.375,90,0.411,6,0.5,0.432,0.432,4.8,1.3,5.0,2.4,24.9,0.44,0.22,0.89,7.2,92.5,115.0
410,Jalen Smith,PHX,F-C,21,8,7.2,14.9,20.5,7.4,7,0.857,14,0.643,8,0.125,0.477,0.538,3.4,3.0,21.5,0.1,2.5,0.25,0.38,0.25,5.6,113.6,91.6
411,Tony Snell,POR,G,30,22,12.0,24.9,8.7,9.6,3,1.0,10,0.4,36,0.306,0.446,0.465,2.0,1.4,6.2,0.7,7.5,0.18,0.14,0.23,4.2,100.8,109.9
412,Jaden Springer,PHI,G,19,1,2.1,4.4,0.0,0.0,0,0.0,0,0.0,0,0.0,0.0,0.0,0.0,0.0,0.0,0.0,0.0,0.0,0.0,0.0,0.0,0.0,0.0
413,Lamar Stevens,CLE,F,24,19,10.6,22.1,13.7,9.5,7,0.571,34,0.382,20,0.4,0.463,0.473,2.8,1.8,9.2,0.3,4.2,0.21,0.21,0.32,4.3,99.2,97.0
414,Isaiah Stewart,DET,F-C,20,24,25.9,53.9,12.8,13.5,29,0.69,135,0.585,12,0.083,0.548,0.566,7.5,8.0,16.7,1.2,7.3,0.42,1.21,1.04,6.4,114.4,102.8
415,Max Strus,MIA,G-F,25,22,20.1,42.0,17.0,7.7,19,0.737,41,0.561,107,0.383,0.571,0.585,8.3,3.0,8.3,1.0,7.1,0.36,0.09,0.59,5.8,113.0,104.1
416,Jalen Suggs,ORL,G,20,21,27.7,57.8,26.3,18.7,76,0.763,155,0.394,102,0.255,0.389,0.444,12.3,3.4,6.5,3.6,20.7,1.14,0.43,3.19,7.7,85.2,106.3
417,Jae'Sean Tate,HOU,F,26,28,28.1,58.5,19.0,15.3,70,0.729,195,0.554,74,0.311,0.53,0.56,12.0,5.9,11.3,3.0,17.3,0.96,0.68,1.93,8.5,110.0,102.2
418,Jayson Tatum,BOS,F-G,23,28,36.3,75.7,32.9,10.2,167,0.808,376,0.476,236,0.339,0.489,0.535,26.2,8.6,12.7,3.6,18.1,0.96,0.75,2.79,10.3,105.1,102.9
419,Garrett Temple,NOP,G-F,35,28,18.5,38.5,13.7,13.3,24,0.792,51,0.412,82,0.378,0.508,0.536,5.5,2.8,8.2,1.0,8.0,0.93,0.54,0.79,5.4,105.6,105.6
420,Daniel Theis,HOU,F-C,29,19,22.3,46.5,16.0,15.0,26,0.731,69,0.638,56,0.286,0.544,0.568,8.2,4.9,11.9,0.8,5.4,0.42,0.58,1.26,5.7,104.1,104.1
421,Brodric Thomas,BOS,G,24,3,1.4,2.8,10.7,100.0,0,0.0,0,0.0,0,0.0,0.0,0.0,0.0,0.3,13.0,0.0,0.0,0.0,0.0,0.33,0.0,0.0,0.0
422,Cam Thomas,BKN,G,20,21,14.1,29.4,19.5,5.3,18,0.778,70,0.5,48,0.208,0.424,0.453,5.4,1.7,6.4,0.9,9.3,0.38,0.14,0.33,5.7,95.0,108.5
423,Matt Thomas,CHI,G,27,8,6.1,12.7,17.1,0.0,0,0.0,10,0.3,9,0.222,0.316,0.316,1.5,0.6,5.6,0.0,0.0,0.25,0.13,0.0,0.0,66.7,105.2
424,Tristan Thompson,SAC,C-F,30,21,14.5,30.2,19.7,13.4,50,0.56,101,0.545,0,0.0,0.545,0.561,6.6,5.6,20.3,0.5,5.4,0.33,0.38,0.9,7.3,117.1,102.7
425,JT Thor,CHA,F,19,7,13.6,28.3,11.9,7.5,6,0.5,8,0.625,14,0.214,0.432,0.446,3.1,1.7,6.7,0.9,7.9,0.57,0.43,0.29,4.9,102.2,106.3
426,Matisse Thybulle,PHI,G-F,24,22,24.4,50.8,11.0,16.2,8,0.875,52,0.635,53,0.283,0.529,0.544,5.4,2.1,4.8,1.0,5.7,1.73,1.18,0.95,3.7,98.6,104.7
427,Killian Tillie,MEM,F-C,23,15,10.4,21.6,14.8,9.1,4,0.5,15,0.467,33,0.364,0.521,0.523,3.5,1.3,6.5,0.5,6.1,0.47,0.53,0.33,5.1,108.1,101.5
428,Xavier Tillman,MEM,F,22,22,14.7,30.5,16.6,11.8,34,0.647,70,0.543,27,0.222,0.485,0.518,5.3,3.2,11.6,1.4,13.2,1.18,0.45,0.68,7.8,112.8,100.9
429,Isaiah Todd,WAS,F,20,5,2.8,5.9,37.7,8.4,2,0.5,3,0.0,7,0.571,0.6,0.597,2.6,0.4,7.7,0.0,0.0,0.4,0.2,0.2,0.0,0.0,0.0
430,Obi Toppin,NYK,F,23,26,15.9,33.1,22.7,11.3,52,0.788,120,0.658,46,0.196,0.557,0.598,8.7,3.9,13.1,0.9,10.2,0.35,0.62,0.92,7.9,116.7,103.4
431,Juan Toscano-Anderson,GSW,F,28,27,16.0,33.4,14.0,21.4,26,0.654,66,0.636,33,0.273,0.561,0.58,4.7,2.9,9.6,2.2,18.8,0.63,0.37,1.11,7.8,110.4,95.1
432,Karl-Anthony Towns,MIN,C-F,26,27,34.5,71.8,27.7,15.2,151,0.821,303,0.551,156,0.423,0.58,0.624,24.3,9.0,13.7,3.3,17.3,1.07,1.07,3.48,10.4,116.3,101.1
433,Gary Trent Jr.,TOR,G-F,22,26,34.8,72.4,20.2,5.4,46,0.891,193,0.482,188,0.383,0.528,0.552,17.0,3.2,4.9,2.0,8.9,2.12,0.31,0.88,5.5,115.1,108.1
434,P.J. Tucker,MIA,F,36,29,28.4,59.2,11.0,13.3,17,0.824,90,0.544,79,0.456,0.609,0.623,7.6,5.7,11.3,2.1,10.5,0.72,0.34,0.93,6.3,125.3,101.3
435,Myles Turner,IND,C-F,25,29,29.6,61.7,16.9,11.7,73,0.74,122,0.664,139,0.374,0.609,0.635,12.8,7.4,13.8,1.0,4.9,0.59,2.86,1.34,6.2,118.9,102.6
436,Jonas Valanciunas,NOP,C,29,30,31.3,65.3,24.2,12.4,116,0.819,345,0.533,71,0.465,0.561,0.602,18.7,12.1,20.8,2.4,13.6,0.6,0.93,2.2,10.4,117.9,102.5
437,Denzel Valentine,CLE,G,28,18,6.4,13.3,17.2,15.6,0,0.0,13,0.231,25,0.32,0.395,0.395,1.7,1.0,8.6,0.3,6.1,0.28,0.0,0.39,5.0,80.2,98.8
438,Jarred Vanderbilt,MIN,F,22,27,24.1,50.2,10.7,16.8,35,0.771,114,0.588,9,0.222,0.569,0.603,6.2,8.2,17.9,1.2,7.0,1.48,0.74,1.04,6.5,123.9,97.1
439,Fred VanVleet,TOR,G,27,27,38.0,79.3,23.3,15.2,81,0.864,208,0.476,229,0.389,0.532,0.566,19.8,5.0,7.1,6.5,26.3,1.56,0.56,3.15,9.1,111.8,107.2
440,Devin Vassell,SAS,G-F,21,22,24.3,50.6,18.5,6.0,29,0.724,106,0.547,99,0.364,0.546,0.563,11.1,3.7,8.0,1.4,8.1,1.09,0.77,0.64,6.4,111.6,104.3
441,Gabe Vincent,MIA,G,25,26,19.1,39.7,17.9,18.1,21,0.762,59,0.542,95,0.389,0.568,0.585,7.3,1.8,5.2,2.6,20.1,0.73,0.19,1.38,6.8,109.2,99.8
442,Nikola Vucevic,CHI,C,31,20,33.2,69.1,23.5,9.0,36,0.639,213,0.432,94,0.34,0.456,0.469,15.2,10.5,17.3,3.6,16.3,0.95,1.0,1.6,10.0,99.5,100.1
443,Dean Wade,CLE,F-C,25,20,20.5,42.7,10.2,6.3,8,0.75,28,0.643,58,0.345,0.558,0.57,5.1,3.3,8.8,1.1,7.4,0.55,0.05,0.3,5.2,120.6,99.3
444,Franz Wagner,ORL,F,20,29,32.1,66.8,19.4,9.3,67,0.791,244,0.48,108,0.38,0.507,0.537,14.1,4.5,7.4,2.8,14.3,1.1,0.41,1.34,7.0,109.2,109.0
445,Moritz Wagner,ORL,F-C,24,26,11.7,24.3,21.9,12.9,39,0.769,45,0.578,73,0.37,0.564,0.603,6.3,2.5,11.5,0.8,11.1,0.15,0.23,0.77,8.0,112.1,99.7
446,Ish Wainright,PHX,F,27,8,5.9,12.4,20.0,13.7,2,0.0,8,0.25,10,0.2,0.278,0.265,1.3,1.4,11.9,0.4,8.0,0.25,0.0,0.38,6.1,69.2,78.7
447,Lonnie Walker IV,SAS,G-F,23,26,22.4,46.6,22.7,10.7,44,0.864,125,0.48,132,0.295,0.461,0.498,10.6,2.9,6.8,2.3,14.6,0.62,0.31,1.27,7.4,97.9,108.2
448,Kemba Walker,NYK,G,31,18,24.5,51.0,21.2,11.3,25,0.8,85,0.447,92,0.413,0.537,0.559,11.7,2.6,5.6,3.1,20.4,1.06,0.28,1.33,7.4,110.2,110.6
449,Brad Wanamaker,IND,G,32,18,12.4,25.7,16.9,19.8,18,0.889,45,0.422,16,0.25,0.41,0.479,3.7,1.7,7.7,2.2,23.9,0.11,0.33,0.94,7.7,100.4,97.1
450,Duane Washington Jr.,IND,G,21,3,2.3,4.8,25.3,0.0,0,0.0,1,1.0,3,0.333,0.625,0.625,1.7,0.3,8.0,0.0,0.0,0.0,0.0,0.0,0.0,0.0,0.0
451,P.J. Washington,CHA,F,23,17,25.5,53.0,17.0,12.1,24,0.708,68,0.5,74,0.432,0.577,0.593,10.6,5.4,11.2,2.2,11.7,0.65,1.24,1.24,7.9,116.2,109.1
452,Yuta Watanabe,TOR,G-F,27,9,19.3,40.2,14.2,3.5,12,0.583,15,0.4,35,0.343,0.48,0.497,6.1,3.9,10.9,1.2,8.7,0.56,0.67,0.22,6.3,115.3,106.1
453,Trendon Watford,POR,F,21,7,4.9,10.2,19.5,13.1,3,0.667,12,0.5,0,0.0,0.5,0.526,2.0,0.9,9.5,0.6,18.2,0.29,0.29,0.29,8.4,108.1,108.9
454,Paul Watson,OKC,G,26,5,15.7,32.6,10.4,15.9,2,0.5,2,0.0,13,0.154,0.2,0.22,1.4,2.4,7.8,0.6,5.2,0.2,0.6,0.6,3.2,54.3,108.6
455,Russell Westbrook,LAL,G,33,29,36.2,75.4,27.7,19.8,153,0.68,360,0.492,115,0.322,0.489,0.525,19.6,7.8,11.4,8.4,36.3,1.17,0.21,4.62,12.0,101.6,102.1
456,Coby White,CHI,G,21,9,17.5,36.5,20.6,10.8,7,0.571,32,0.469,31,0.226,0.405,0.416,6.1,2.6,8.0,1.3,10.8,0.11,0.11,0.89,6.3,83.3,102.6
457,Derrick White,SAS,G,27,27,31.2,65.0,20.3,10.0,79,0.861,179,0.52,146,0.288,0.48,0.528,14.1,3.9,6.5,5.2,22.8,1.22,0.89,1.48,8.4,110.7,106.8
458,Hassan Whiteside,UTA,C,32,25,15.6,32.6,19.2,13.9,54,0.722,125,0.608,0,0.0,0.608,0.642,7.6,6.8,24.0,0.3,2.7,0.24,1.4,0.96,6.4,126.4,86.5
459,Joe Wieskamp,SAS,G-F,22,3,2.6,5.3,5.6,0.0,0,0.0,0,0.0,1,1.0,1.5,1.5,1.0,0.0,0.0,0.0,0.0,0.0,0.0,0.0,0.0,0.0,0.0
460,Aaron Wiggins,OKC,G-F,22,10,15.2,31.8,9.4,24.2,7,0.571,4,1.0,18,0.333,0.591,0.598,3.0,1.6,5.4,1.0,9.5,0.4,0.1,0.8,4.4,100.6,102.8
461,Andrew Wiggins,GSW,F,26,28,30.9,64.4,24.1,9.5,103,0.709,244,0.537,147,0.408,0.565,0.59,18.4,4.5,7.8,1.8,9.3,0.79,0.61,1.64,6.9,112.3,101.2
462,Robert Williams III,BOS,C-F,24,21,27.3,56.8,11.7,15.7,33,0.667,114,0.746,0,0.0,0.746,0.747,9.1,8.1,15.9,1.1,6.4,0.76,1.71,1.14,6.3,141.7,104.2
463,Grant Williams,BOS,F,23,28,22.1,46.0,11.9,10.7,30,0.867,42,0.643,95,0.453,0.668,0.696,7.5,3.4,8.1,1.0,6.8,0.39,0.61,0.64,5.3,130.1,102.9
464,Kenrich Williams,OKC,G-F,27,24,20.8,43.3,15.0,10.4,32,0.531,89,0.483,52,0.423,0.539,0.545,7.0,3.6,8.8,2.0,15.4,1.0,0.21,0.75,7.1,113.2,104.6
465,Lou Williams,ATL,G,35,23,13.7,28.6,25.1,12.1,30,0.867,103,0.417,44,0.341,0.446,0.49,6.8,1.6,6.1,1.2,13.1,0.65,0.09,0.96,6.9,97.1,108.2
466,Patrick Williams,CHI,F,20,5,24.9,52.0,9.4,7.5,4,1.0,17,0.588,6,0.5,0.63,0.666,6.6,2.2,4.8,0.6,3.3,0.6,0.4,0.4,3.3,126.6,105.8
467,Ziaire Williams,MEM,F,20,19,17.8,37.1,14.0,9.8,6,0.667,34,0.559,65,0.246,0.434,0.443,4.7,1.5,4.4,0.6,4.7,0.42,0.32,0.58,3.6,90.2,106.5
468,Dylan Windler,CLE,G-F,25,19,10.3,21.5,11.8,15.2,4,0.75,14,0.571,29,0.379,0.57,0.581,2.7,1.7,9.2,0.9,12.8,0.26,0.11,0.42,6.2,115.4,95.9
469,Justise Winslow,LAC,F-G,25,19,9.2,19.2,18.1,24.8,6,0.5,39,0.462,13,0.231,0.433,0.439,2.5,2.2,12.6,1.1,16.4,0.47,0.37,0.95,7.9,83.7,97.7
470,Cassius Winston,WAS,G,23,2,3.4,7.0,25.9,25.8,2,1.0,0,0.0,2,0.0,0.0,0.347,1.0,0.0,0.0,1.0,36.6,0.0,0.0,0.5,0.0,0.0,0.0
471,Robert Woodard II,SAC,F,22,1,3.2,6.7,0.0,0.0,0,0.0,0,0.0,0,0.0,0.0,0.0,0.0,0.0,0.0,0.0,0.0,0.0,0.0,0.0,0.0,0.0,0.0
472,Christian Wood,HOU,F,26,27,31.8,66.2,23.1,10.7,114,0.579,240,0.517,128,0.344,0.516,0.533,16.5,11.1,18.8,2.3,12.1,0.59,1.04,1.85,9.4,105.5,103.4
473,McKinley Wright IV,MIN,G,23,1,4.1,8.5,20.3,50.0,0,0.0,0,0.0,1,1.0,1.5,1.5,3.0,0.0,0.0,0.0,0.0,0.0,0.0,1.0,0.0,76.7,121.5
474,Delon Wright,ATL,G,29,26,14.3,29.8,10.5,14.5,19,0.789,45,0.378,23,0.348,0.426,0.478,2.8,2.7,10.1,2.2,19.3,0.65,0.23,0.5,7.1,117.2,110.4
475,Thaddeus Young,SAS,F,33,22,14.1,29.5,19.8,15.3,18,0.444,111,0.577,3,0.0,0.561,0.558,6.2,3.4,12.7,2.5,25.4,0.91,0.27,1.0,10.6,114.6,101.4
476,Trae Young,ATL,G,23,28,34.2,71.2,34.7,15.0,173,0.89,370,0.503,201,0.383,0.528,0.585,27.0,4.1,6.4,9.3,46.3,1.0,0.11,4.07,11.8,116.1,111.2
477,Omer Yurtseven,MIA,C,23,20,7.2,14.9,19.8,12.5,18,0.667,44,0.568,4,0.0,0.521,0.554,3.1,2.1,16.2,0.5,11.0,0.1,0.45,0.4,8.2,111.8,98.8
478,Cody Zeller,POR,F-C,29,24,13.3,27.7,15.4,14.2,47,0.766,72,0.597,4,0.0,0.566,0.631,5.1,4.5,18.5,0.8,9.2,0.29,0.25,0.67,7.9,130.1,98.0
479,Ivica Zubac,LAC,C,24,29,24.8,51.6,14.5,16.0,96,0.76,158,0.665,0,0.0,0.665,0.707,9.8,7.9,16.8,1.1,6.4,0.62,1.14,1.31,7.1,133.1,97.3
480,Scottie Lewis,CHA,G,21,2,3.3,6.9,5.7,0.0,2,0.5,0,0.0,0,0.0,0.0,0.568,0.5,0.0,0.0,0.5,17.2,0.5,0.0,0.0,0.0,0.0,0.0
